1654717649.780,0.025536,-0.068267,0.024459,
1654717649.784,0.023063,-0.125251,0.025082,
1654717649.788,-0.086310,-0.131494,-0.055853,
1654717649.792,-0.109350,-0.125721,0.006580,
1654717649.796,-0.029790,-0.065933,-0.004926,
1654717649.800,0.011121,0.022987,-0.040635,
1654717649.804,0.068276,0.008627,-0.034794,
1654717649.808,0.081733,-0.044902,-0.067988,
1654717649.812,0.038521,0.032362,0.005297,
1654717649.816,-0.039533,0.062485,0.040830,
1654717649.820,-0.093785,0.050028,0.060461,
1654717649.824,-0.080062,0.026130,0.062542,
1654717649.828,-0.059462,-0.071756,0.050646,
1654717649.832,0.016277,-0.003574,0.043558,
1654717649.836,0.036373,0.087225,-0.028732,
1654717649.840,0.009007,0.053708,0.030865,
1654717649.844,0.016888,0.035628,0.049620,
1654717649.848,0.000029,-0.021954,0.075748,
1654717649.852,0.013665,-0.032628,0.183419,
1654717649.856,-0.014278,0.008141,0.091583,
1654717649.860,-0.061388,0.039965,0.052783,
1654717649.864,-0.052434,0.081016,0.053203,
1654717649.868,-0.095042,0.041955,0.009992,
1654717649.872,-0.168036,0.002252,-0.009577,
1654717649.876,-0.128071,0.032561,-0.094200,
1654717649.880,0.008047,0.062986,-0.092826,
1654717649.884,0.056630,-0.011022,-0.029976,
1654717649.888,0.047208,-0.114889,0.050308,
1654717649.892,0.077945,-0.038779,0.034222,
1654717649.896,0.081437,0.046384,-0.153694,
1654717649.900,0.045570,0.043884,-0.203456,
1654717649.904,-0.011608,0.041939,-0.121602,
1654717649.908,-0.071714,0.012856,-0.126995,
1654717649.912,-0.095486,0.002197,-0.092643,
1654717649.916,-0.020460,-0.024501,0.025064,
1654717649.920,0.060342,-0.053917,0.032736,
1654717649.924,0.006322,-0.048301,0.014145,
1654717649.928,-0.024025,0.005965,0.018020,
1654717649.932,0.014969,0.108075,-0.006604,
1654717649.936,0.041388,0.109910,0.011983,
1654717649.940,0.064102,0.049046,-0.008212,
1654717649.944,0.025232,0.031616,-0.058024,
1654717649.948,-0.003183,0.040973,-0.040913,
1654717649.952,0.035494,0.118868,0.028799,
1654717649.956,0.023832,0.162566,0.064065,
1654717649.960,0.035867,0.074230,0.012700,
1654717649.964,0.121905,-0.026501,-0.005285,
1654717649.968,0.095839,-0.095717,0.022776,
1654717649.972,-0.002926,-0.085355,-0.045523,
1654717649.976,-0.056744,-0.022440,-0.050592,
1654717649.980,-0.082559,0.008467,0.093309,
1654717649.984,-0.076872,0.058216,0.118012,
1654717649.988,-0.037645,0.093032,0.066896,
1654717649.992,-0.010873,0.092442,0.012428,
1654717649.996,-0.013228,0.067110,-0.067527,
1654717650.000,-0.032796,-0.023022,-0.036125,
1654717650.004,-0.063103,0.095540,0.037939,
1654717650.008,-0.051131,0.077525,0.075965,
1654717650.012,-0.115496,0.068263,0.096713,
1654717650.016,0.068840,-0.045631,-0.031061,
1654717650.020,0.080473,-0.032781,-0.091175,
1654717650.024,0.051752,-0.029137,-0.085926,
1654717650.028,0.080442,-0.008741,-0.177232,
1654717650.032,0.087611,0.000635,-0.187491,
1654717650.036,0.047526,-0.058797,-0.082152,
1654717650.040,-0.032796,-0.023022,-0.036125,
1654717650.044,-0.063103,0.095540,0.037939,
1654717650.048,-0.051131,0.077525,0.075965,
1654717650.052,-0.115496,0.068263,0.096713,
1654717650.056,-0.110056,0.089129,0.047518,
1654717650.060,-0.050940,0.044814,-0.045660,
1654717650.064,0.016702,-0.045907,0.020632,
1654717650.068,0.114738,-0.138554,0.030539,
1654717650.072,0.119125,-0.135070,0.001877,
1654717650.076,0.079318,-0.148630,0.097919,
1654717650.080,-0.012023,-0.120775,0.205466,
1654717650.084,-0.095494,-0.099022,0.182841,
1654717650.088,-0.033046,-0.181729,0.026543,
1654717650.092,-0.003601,-0.097040,-0.016733,
1654717650.096,-0.080049,0.038560,0.014615,
1654717650.100,-0.076395,0.077223,0.013067,
1654717650.104,0.005384,0.069670,-0.039692,
1654717650.108,-0.000839,0.004479,-0.095493,
1654717650.112,-0.040454,-0.039916,-0.055914,
1654717650.116,-0.016023,-0.060640,-0.051791,
1654717650.120,-0.050856,-0.058170,-0.020019,
1654717650.124,-0.094241,-0.053696,0.016246,
1654717650.128,-0.033647,-0.034395,0.013688,
1654717650.132,-0.016478,0.000013,0.018456,
1654717650.136,-0.038128,0.004135,-0.023786,
1654717650.140,-0.036314,-0.024151,0.001886,
1654717650.144,-0.005971,-0.043261,0.099647,
1654717650.148,0.076042,0.042144,0.125551,
1654717650.152,0.152472,0.102098,0.085774,
1654717650.156,0.229705,0.111845,0.094553,
1654717650.160,0.193424,0.135531,0.033758,
1654717650.164,0.063913,0.082607,-0.061166,
1654717650.168,0.006947,0.047014,-0.042804,
1654717650.172,-0.020051,0.050230,-0.027958,
1654717650.176,-0.004506,0.028839,0.018017,
1654717650.180,-0.007796,0.024431,0.082068,
1654717650.184,-0.065077,0.069631,0.089886,
1654717650.188,-0.063518,0.092602,0.076782,
1654717650.192,-0.046094,0.064519,0.069389,
1654717650.196,-0.017307,0.079363,0.092804,
1654717650.200,0.036127,0.087238,0.057304,
1654717650.204,0.056391,0.057370,-0.045343,
1654717650.208,0.041971,0.026765,-0.082362,
1654717650.212,0.011045,0.042574,-0.035550,
1654717650.216,0.028505,0.090397,0.048616,
1654717650.220,0.000383,0.050025,0.085066,
1654717650.224,-0.044350,0.009538,0.035854,
1654717650.228,-0.022337,0.032370,-0.039794,
1654717650.232,-0.102889,0.033449,-0.051060,
1654717650.236,-0.131497,0.026521,0.032519,
1654717650.240,-0.049758,-0.008342,0.126243,
1654717650.244,0.003087,-0.039732,0.132239,
1654717650.248,0.068166,0.040041,0.040668,
1654717650.252,0.054764,0.116610,0.014624,
1654717650.256,-0.038118,0.124210,-0.007312,
1654717650.260,-0.050517,0.129340,-0.070228,
1654717650.264,0.060959,0.061550,-0.007977,
1654717650.268,0.097341,-0.068676,0.037633,
1654717650.272,0.013736,-0.144232,0.006352,
1654717650.276,0.018915,-0.120019,-0.070215,
1654717650.280,0.090985,-0.072740,-0.106818,
1654717650.284,0.147376,-0.067185,0.014745,
1654717650.288,0.133071,-0.041988,-0.000003,
1654717650.292,0.094277,0.013783,-0.116972,
1654717650.296,0.103948,0.007661,-0.056542,
1654717650.300,0.023470,-0.023508,-0.025455,
1654717650.304,-0.033293,0.063304,-0.076580,
1654717650.308,-0.003671,0.141571,-0.064073,
1654717650.312,-0.004614,0.080271,-0.094057,
1654717650.316,0.062944,0.001893,-0.114300,
1654717650.320,0.109128,-0.020935,-0.068838,
1654717650.324,0.074178,0.014880,-0.088622,
1654717650.328,0.024932,0.045735,-0.062513,
1654717650.332,-0.066004,0.013116,-0.032246,
1654717650.336,-0.098681,-0.060611,-0.065753,
1654717650.340,-0.050646,-0.145805,-0.063152,
1654717650.344,-0.027811,-0.158049,-0.096466,
1654717650.348,-0.038178,-0.100566,-0.164441,
1654717650.352,-0.031878,-0.066468,-0.210682,
1654717650.356,0.018143,-0.018646,-0.153833,
1654717650.360,0.084353,0.024672,-0.081556,
1654717650.364,0.077606,0.040498,-0.076019,
1654717650.368,0.024436,0.111601,-0.039557,
1654717650.372,0.007566,0.095553,-0.058412,
1654717650.376,0.005805,-0.022836,-0.084275,
1654717650.380,0.005868,-0.063305,-0.049761,
1654717650.384,0.015353,-0.044201,-0.044699,
1654717650.388,0.031349,0.049568,-0.072932,
1654717650.392,-0.041641,0.090510,-0.072413,
1654717650.396,-0.103527,-0.012521,-0.026284,
1654717650.400,0.033205,-0.037522,-0.044167,
1654717650.404,0.153285,-0.047312,-0.062123,
1654717650.408,0.153089,-0.084688,-0.057946,
1654717650.412,0.131908,0.014833,-0.075137,
1654717650.416,0.086590,0.074456,-0.038114,
1654717650.420,0.018603,0.051109,-0.016069,
1654717650.424,-0.067571,0.120992,0.003916,
1654717650.428,-0.120836,0.150868,-0.039214,
1654717650.432,-0.165796,0.035483,-0.102092,
1654717650.436,-0.183433,-0.054678,-0.026081,
1654717650.440,-0.142006,-0.033857,0.014229,
1654717650.444,-0.118439,0.051143,0.048207,
1654717650.448,-0.071047,0.128810,0.095604,
1654717650.452,-0.019762,0.061618,-0.017932,
1654717650.456,0.023011,-0.022314,-0.090221,
1654717650.460,0.049492,-0.043854,-0.037625,
1654717650.464,0.009525,-0.142421,-0.059821,
1654717650.468,0.002011,-0.154935,-0.100628,
1654717650.472,0.022165,-0.064313,-0.152358,
1654717650.476,0.011262,0.010940,-0.177837,
1654717650.480,-0.050646,0.050091,-0.058654,
1654717650.484,-0.060480,0.003513,-0.011025,
1654717650.488,0.055105,0.007850,0.009231,
1654717650.492,0.072295,0.045318,0.073225,
1654717650.496,-0.017992,-0.014811,0.001190,
1654717650.500,-0.059790,-0.119287,0.022817,
1654717650.504,-0.069031,-0.173084,0.130001,
1654717650.508,-0.022051,-0.083916,0.161515,
1654717650.512,0.033126,0.051498,0.199662,
1654717650.516,0.017962,0.077669,0.146137,
1654717650.520,0.045307,0.010569,0.083902,
1654717650.524,0.081379,-0.081409,0.036492,
1654717650.528,0.032351,-0.081545,-0.006940,
1654717650.532,-0.052604,0.036822,0.036836,
1654717650.536,-0.172507,0.108545,0.039366,
1654717650.540,-0.214797,0.117789,0.045734,
1654717650.544,-0.135290,0.112704,-0.003737,
1654717650.548,-0.094543,0.044801,-0.102242,
1654717650.552,-0.095761,0.023583,-0.026366,
1654717650.556,-0.027283,-0.008562,0.065626,
1654717650.560,0.086585,-0.059015,0.086630,
1654717650.564,0.121722,0.016306,0.081290,
1654717650.568,0.020950,0.048279,0.030827,
1654717650.572,-0.048322,0.084700,-0.014550,
1654717650.576,0.007514,0.131989,-0.046587,
1654717650.580,0.010685,0.062240,-0.032497,
1654717650.584,0.038224,0.009918,-0.029727,
1654717650.588,0.132241,0.028030,-0.027410,
1654717650.592,0.104573,0.096301,-0.011299,
1654717650.596,0.055845,0.073022,0.004503,
1654717650.600,-0.019011,-0.027307,0.049769,
1654717650.604,-0.110534,-0.076295,-0.004353,
1654717650.608,-0.033805,-0.078408,-0.006762,
1654717650.612,0.054438,-0.029948,0.087649,
1654717650.616,0.081366,0.030453,0.051221,
1654717650.620,0.108705,0.085750,-0.016617,
1654717650.624,0.112953,-0.000217,-0.003218,
1654717650.628,0.112856,-0.134794,0.012551,
1654717650.632,0.024914,-0.143673,-0.021982,
1654717650.636,-0.071509,-0.132376,-0.017824,
1654717650.640,-0.077718,-0.060354,-0.017318,
1654717650.644,-0.046078,0.036639,-0.048195,
1654717650.648,0.004179,0.070791,-0.003531,
1654717650.652,-0.024485,-0.024973,0.016476,
1654717650.656,-0.093328,-0.193701,0.037743,
1654717650.660,-0.072843,-0.223534,0.079050,
1654717650.664,-0.006047,-0.206058,0.050102,
1654717650.668,-0.030707,-0.100621,0.037930,
1654717650.672,-0.070036,0.042976,0.047397,
1654717650.676,-0.011563,-0.020011,0.035099,
1654717650.680,0.077428,-0.075095,0.037635,
1654717650.684,0.211971,-0.012403,0.090101,
1654717650.688,0.233270,0.028960,0.062169,
1654717650.692,0.083996,0.019968,-0.033093,
1654717650.696,-0.026496,-0.041764,-0.036433,
1654717650.700,-0.086205,-0.085867,-0.055572,
1654717650.704,-0.132770,-0.016128,-0.052773,
1654717650.708,-0.122022,0.088974,0.020588,
1654717650.712,-0.058233,0.090895,0.034902,
1654717650.716,-0.026183,0.016789,-0.006643,
1654717650.720,-0.029386,-0.007617,-0.030081,
1654717650.724,-0.065334,0.039540,-0.003787,
1654717650.728,-0.109807,0.021107,-0.000670,
1654717650.732,-0.098116,-0.040856,0.021805,
1654717650.736,-0.059690,-0.039677,0.113674,
1654717650.740,0.005219,0.000079,0.173069,
1654717650.744,0.019086,-0.004756,0.110753,
1654717650.748,-0.001269,-0.116900,-0.027716,
1654717650.752,0.016728,-0.122258,-0.099057,
1654717650.756,-0.028570,-0.004023,-0.128628,
1654717650.760,-0.040793,-0.009402,-0.047000,
1654717650.764,0.046825,0.013507,0.084164,
1654717650.768,0.092681,0.073792,0.074805,
1654717650.772,0.081019,0.025851,0.012266,
1654717650.776,0.058956,-0.030602,-0.061451,
1654717650.780,0.072327,-0.071407,-0.017840,
1654717650.784,0.081347,-0.066201,0.021999,
1654717650.788,0.053194,-0.060275,-0.034554,
1654717650.792,0.027463,-0.063434,0.062756,
1654717650.796,-0.030859,-0.019447,0.114648,
1654717650.800,0.023491,0.019750,0.058123,
1654717650.804,0.111688,0.045578,0.068880,
1654717650.808,-0.016614,0.012869,0.035042,
1654717650.812,-0.048706,-0.041305,0.002987,
1654717650.816,0.059452,-0.040271,-0.004246,
1654717650.820,0.037555,-0.011757,-0.068616,
1654717650.824,-0.018609,0.017122,-0.087152,
1654717650.828,-0.055392,0.026019,-0.078163,
1654717650.832,-0.066025,0.019322,-0.013673,
1654717650.836,-0.004265,0.030193,0.124524,
1654717650.840,0.091182,0.039637,0.136895,
1654717650.844,0.121488,0.013893,0.099579,
1654717650.848,0.061776,0.021233,0.051835,
1654717650.852,-0.022668,0.000557,-0.050957,
1654717650.856,-0.068209,-0.076662,-0.086809,
1654717650.860,-0.016496,-0.045154,-0.035125,
1654717650.864,0.031543,-0.032458,0.076970,
1654717650.868,0.016881,-0.124892,0.066562,
1654717650.872,0.028261,-0.169094,0.008533,
1654717650.876,0.043480,-0.136564,0.059509,
1654717650.880,0.049959,-0.012298,0.023107,
1654717650.884,0.076769,0.112404,-0.039532,
1654717650.888,0.126358,0.130451,-0.084275,
1654717650.892,0.104355,0.096928,-0.111496,
1654717650.896,-0.038412,0.049190,-0.063068,
1654717650.900,-0.085767,-0.006391,-0.058650,
1654717650.904,-0.024474,-0.059656,-0.039952,
1654717650.908,0.048332,-0.055576,0.003694,
1654717650.912,0.137738,0.027172,0.001701,
1654717650.916,0.124313,0.031887,0.012127,
1654717650.920,0.034294,-0.018381,0.074497,
1654717650.924,-0.026955,-0.009904,0.102515,
1654717650.928,-0.071955,-0.006218,0.053623,
1654717650.932,-0.146393,0.023549,0.068053,
1654717650.936,-0.197421,0.058376,0.065170,
1654717650.940,-0.134978,0.096028,-0.012073,
1654717650.944,-0.051596,0.109128,-0.051875,
1654717650.948,-0.042998,0.051448,-0.101190,
1654717650.952,-0.088253,0.021509,-0.163779,
1654717650.956,-0.114944,-0.005570,-0.144869,
1654717650.960,-0.017620,0.022184,-0.054896,
1654717650.964,0.104500,0.058064,-0.049350,
1654717650.968,0.097446,0.002770,-0.082026,
1654717650.972,0.060342,0.002691,-0.067333,
1654717650.976,0.061093,0.041259,-0.051802,
1654717650.980,0.046145,-0.008843,0.009101,
1654717650.984,-0.032245,-0.093378,0.022205,
1654717650.988,-0.077909,-0.051433,0.030772,
1654717650.992,0.016749,0.054614,0.104029,
1654717650.996,0.089223,0.069631,0.140847,
1654717651.000,0.046785,-0.094685,-0.085261,
1654717651.004,0.022580,-0.069771,-0.036586,
1654717651.008,-0.074951,-0.047472,0.030185,
1654717651.012,-0.126611,0.026169,0.094706,
1654717651.016,-0.060467,0.062765,0.109159,
1654717651.020,-0.098484,0.188858,0.045072,
1654717651.024,-0.049590,0.244955,-0.046137,
1654717651.028,0.014523,0.223982,-0.045235,
1654717651.032,-0.012975,0.113276,-0.031380,
1654717651.036,0.000278,-0.046151,-0.076690,
1654717651.040,0.046785,-0.094685,-0.085261,
1654717651.044,0.022580,-0.069771,-0.036586,
1654717651.048,-0.074951,-0.047472,0.030185,
1654717651.052,-0.126611,0.026169,0.094706,
1654717651.056,-0.100140,0.120740,0.044209,
1654717651.060,-0.098802,0.083579,-0.057433,
1654717651.064,-0.125026,-0.014291,0.033210,
1654717651.068,-0.096699,-0.048420,0.060601,
1654717651.072,0.016442,-0.152489,-0.022980,
1654717651.076,0.053170,-0.166802,0.082662,
1654717651.080,0.012906,-0.023857,0.118507,
1654717651.084,0.019881,0.039196,0.073894,
1654717651.088,0.036835,0.036205,0.081116,
1654717651.092,0.109595,-0.025194,0.099209,
1654717651.096,0.181229,-0.021807,0.091539,
1654717651.100,0.163440,0.040162,-0.002953,
1654717651.104,0.203862,-0.036249,0.036978,
1654717651.108,0.265120,-0.107882,0.059229,
1654717651.112,0.164522,-0.130489,0.001920,
1654717651.116,0.035468,-0.118344,0.018385,
1654717651.120,0.017624,-0.028444,-0.026131,
1654717651.124,0.022239,0.015153,-0.066728,
1654717651.128,0.014303,-0.002881,-0.082202,
1654717651.132,0.041613,0.005597,-0.077806,
1654717651.136,0.078646,0.072970,-0.033241,
1654717651.140,0.048563,0.157457,0.031448,
1654717651.144,-0.004876,0.197385,0.022780,
1654717651.148,0.020821,0.127334,-0.091993,
1654717651.152,0.110029,-0.007402,-0.104078,
1654717651.156,0.109672,-0.032768,-0.073578,
1654717651.160,0.013074,0.017083,-0.056999,
1654717651.164,-0.055405,-0.008134,0.062498,
1654717651.168,-0.091771,-0.069684,0.098382,
1654717651.172,-0.053376,-0.068227,0.048691,
1654717651.176,0.021543,-0.055573,0.075479,
1654717651.180,0.071754,-0.137517,0.023077,
1654717651.184,0.111341,-0.263328,-0.073217,
1654717651.188,0.102762,-0.257755,-0.062200,
1654717651.192,0.108419,-0.080761,0.010138,
1654717651.196,0.120238,0.079174,0.044067,
1654717651.200,0.077013,0.093253,0.039261,
1654717651.204,0.082894,0.095655,0.037724,
1654717651.208,0.181421,0.193253,0.003496,
1654717651.212,0.229141,0.224772,0.024735,
1654717651.216,0.197382,0.124854,0.043946,
1654717651.220,0.152732,0.009412,0.050547,
1654717651.224,0.121118,-0.089613,0.079691,
1654717651.228,0.130747,-0.092787,0.026182,
1654717651.232,0.076031,-0.035464,0.014124,
1654717651.236,-0.041615,-0.042880,0.027246,
1654717651.240,-0.112999,0.001517,0.007660,
1654717651.244,-0.090067,0.067680,-0.024642,
1654717651.248,-0.009363,0.061366,-0.076213,
1654717651.252,-0.026771,0.079559,-0.076256,
1654717651.256,-0.101569,0.096986,-0.009422,
1654717651.260,-0.106953,0.092108,0.059950,
1654717651.264,-0.076487,0.072132,-0.014381,
1654717651.268,-0.018368,0.025132,-0.087431,
1654717651.272,0.062028,-0.040672,-0.063164,
1654717651.276,0.095747,-0.134164,-0.092963,
1654717651.280,0.134672,-0.134424,-0.137302,
1654717651.284,0.167801,-0.052578,-0.146134,
1654717651.288,0.109469,-0.011784,-0.083617,
1654717651.292,0.018750,0.012265,-0.058474,
1654717651.296,-0.031119,-0.013881,-0.050044,
1654717651.300,0.007474,-0.055153,-0.015489,
1654717651.304,0.061931,-0.041785,-0.032015,
1654717651.308,0.064033,-0.001647,0.024456,
1654717651.312,0.031556,0.043391,0.020897,
1654717651.316,0.007199,0.016781,-0.029675,
1654717651.320,0.043212,-0.027407,-0.029789,
1654717651.324,0.054233,-0.044088,-0.048713,
1654717651.328,0.047368,-0.089201,-0.020062,
1654717651.332,0.021501,-0.047062,-0.012260,
1654717651.336,-0.030318,0.031939,-0.036726,
1654717651.340,0.040233,-0.015475,-0.048628,
1654717651.344,0.127030,-0.095649,-0.011730,
1654717651.348,0.118821,-0.141893,0.007014,
1654717651.352,0.063776,-0.146317,-0.069963,
1654717651.356,-0.008912,-0.093336,-0.175753,
1654717651.360,-0.044547,-0.051420,-0.175333,
1654717651.364,-0.066571,-0.015441,-0.017030,
1654717651.368,-0.074683,0.001510,-0.026960,
1654717651.372,-0.098458,-0.018048,-0.106832,
1654717651.376,-0.123309,-0.016352,-0.026451,
1654717651.380,-0.092926,-0.037265,0.032697,
1654717651.384,-0.054250,-0.055230,0.115799,
1654717651.388,-0.006037,-0.068671,0.097419,
1654717651.392,0.025723,-0.066686,-0.013751,
1654717651.396,0.020433,0.042123,-0.021359,
1654717651.400,-0.035582,0.067827,-0.006319,
1654717651.404,-0.099187,0.016702,0.006108,
1654717651.408,-0.085791,0.013497,-0.056232,
1654717651.412,-0.100815,0.003557,-0.048516,
1654717651.416,-0.138517,0.024586,0.051216,
1654717651.420,-0.047333,0.011900,0.084041,
1654717651.424,0.042364,0.010344,0.098592,
1654717651.428,0.015502,-0.000744,0.041481,
1654717651.432,-0.036028,-0.044314,0.048214,
1654717651.436,-0.090658,0.048003,0.059197,
1654717651.440,-0.084803,0.087580,0.016942,
1654717651.444,-0.100041,0.054979,0.032793,
1654717651.448,-0.141560,0.091964,0.038499,
1654717651.452,-0.067584,0.001622,0.105693,
1654717651.456,0.001712,-0.109156,0.138155,
1654717651.460,0.032281,-0.076059,0.124898,
1654717651.464,0.034693,-0.061937,0.062325,
1654717651.468,0.042062,-0.041791,0.001598,
1654717651.472,0.009144,-0.014863,0.024712,
1654717651.476,-0.048168,-0.064030,-0.045249,
1654717651.480,-0.001135,-0.061554,-0.046286,
1654717651.484,-0.067219,0.001667,-0.017199,
1654717651.488,-0.128599,0.025954,-0.089476,
1654717651.492,-0.026496,-0.001755,-0.073610,
1654717651.496,0.042713,-0.078227,-0.031451,
1654717651.500,0.103150,-0.108116,-0.023478,
1654717651.504,0.115494,-0.049034,-0.020046,
1654717651.508,0.086747,0.002686,-0.045847,
1654717651.512,0.054554,0.029025,-0.031268,
1654717651.516,0.037922,0.063574,-0.001814,
1654717651.520,0.154882,0.117582,0.023895,
1654717651.524,0.186285,0.154357,0.050006,
1654717651.528,0.103358,0.172009,0.016568,
1654717651.532,0.069956,0.129366,-0.046541,
1654717651.536,-0.005517,0.010438,-0.099208,
1654717651.540,-0.057860,-0.034253,-0.039061,
1654717651.544,-0.047083,-0.083320,-0.001373,
1654717651.548,-0.078348,-0.137427,-0.035257,
1654717651.552,-0.164898,-0.113986,-0.011354,
1654717651.556,-0.182428,-0.079235,-0.003853,
1654717651.560,-0.086733,0.000341,0.022095,
1654717651.564,0.069326,0.048928,-0.039767,
1654717651.568,0.201045,0.092326,-0.070808,
1654717651.572,0.160775,0.084852,0.037873,
1654717651.576,0.094266,0.024103,0.053424,
1654717651.580,0.090848,0.038474,0.050979,
1654717651.584,-0.011298,0.002510,0.052052,
1654717651.588,-0.074982,0.011856,0.019709,
1654717651.592,-0.007289,0.052249,-0.024759,
1654717651.596,0.000958,0.079310,-0.085312,
1654717651.600,-0.029486,0.139791,-0.040721,
1654717651.604,-0.006882,0.053635,0.050828,
1654717651.608,0.047885,0.024326,0.092877,
1654717651.612,0.120845,0.111512,0.160568,
1654717651.616,0.112591,0.112205,0.118560,
1654717651.620,0.063716,0.109690,-0.046644,
1654717651.624,0.073406,0.078394,-0.066835,
1654717651.628,0.060841,0.006920,0.051356,
1654717651.632,0.034706,-0.038798,0.135372,
1654717651.636,-0.006418,-0.039134,0.096738,
1654717651.640,-0.103443,0.009693,-0.007769,
1654717651.644,-0.153177,0.007587,-0.001730,
1654717651.648,-0.098011,-0.051166,0.053808,
1654717651.652,-0.008392,-0.025561,0.001582,
1654717651.656,0.017025,0.094768,-0.008767,
1654717651.660,-0.040384,0.141440,0.021477,
1654717651.664,-0.105113,0.053713,0.014693,
1654717651.668,-0.111343,-0.047986,0.030623,
1654717651.672,-0.073822,-0.059275,0.031037,
1654717651.676,-0.052659,-0.070380,0.084966,
1654717651.680,-0.074491,-0.076907,0.057190,
1654717651.684,-0.076237,0.034236,-0.091650,
1654717651.688,-0.022429,0.147016,-0.048959,
1654717651.692,0.023273,0.212460,0.092886,
1654717651.696,0.054580,0.177877,0.113550,
1654717651.700,0.058221,0.025368,0.089233,
1654717651.704,-0.009972,-0.059787,0.071615,
1654717651.708,-0.073992,-0.084113,-0.003127,
1654717651.712,-0.017116,-0.108158,-0.054624,
1654717651.716,0.102092,-0.060050,0.004379,
1654717651.720,0.138122,0.018553,0.008893,
1654717651.724,0.043126,-0.012343,-0.009755,
1654717651.728,-0.087888,-0.091889,0.022929,
1654717651.732,-0.095593,-0.075515,0.007165,
1654717651.736,-0.059777,-0.058619,-0.033221,
1654717651.740,-0.038472,-0.104708,-0.015993,
1654717651.744,0.020099,-0.137574,0.041072,
1654717651.748,-0.013330,-0.170661,0.042716,
1654717651.752,-0.082995,-0.186793,0.088295,
1654717651.756,-0.061966,-0.149829,0.070684,
1654717651.760,-0.057230,-0.139599,0.049235,
1654717651.764,-0.124910,-0.169487,0.149574,
1654717651.768,-0.130822,-0.101345,0.084162,
1654717651.772,-0.037721,-0.017441,0.050707,
1654717651.776,-0.016323,-0.030229,0.046785,
1654717651.780,-0.053358,0.016883,-0.033100,
1654717651.784,-0.038207,0.009175,0.008236,
1654717651.788,-0.024931,-0.086418,0.017084,
1654717651.792,-0.073328,-0.071598,-0.005084,
1654717651.796,-0.135823,-0.079569,-0.001994,
1654717651.800,-0.110463,-0.142967,-0.027935,
1654717651.804,-0.020156,-0.211552,-0.037598,
1654717651.808,0.027437,-0.272554,-0.060992,
1654717651.812,0.069494,-0.170637,-0.074605,
1654717651.816,0.103917,0.010963,-0.032522,
1654717651.820,0.053582,0.126613,-0.016272,
1654717651.824,0.049555,0.187293,-0.013235,
1654717651.828,0.015676,0.172437,0.055167,
1654717651.832,-0.102829,0.081048,0.087811,
1654717651.836,-0.091041,0.006492,-0.007061,
1654717651.840,-0.061008,0.021869,-0.072502,
1654717651.844,0.002772,0.005022,-0.073423,
1654717651.848,0.088165,-0.028291,-0.102651,
1654717651.852,0.002037,0.025405,-0.088723,
1654717651.856,-0.061856,0.030256,-0.016580,
1654717651.860,-0.031376,-0.003406,0.044668,
1654717651.864,-0.043954,0.008102,0.026132,
1654717651.868,-0.103033,0.033066,-0.039404,
1654717651.872,-0.078755,0.051183,-0.059910,
1654717651.876,-0.016478,0.035074,-0.012671,
1654717651.880,-0.059144,-0.007331,-0.016786,
1654717651.884,-0.070960,-0.040586,-0.037397,
1654717651.888,-0.048929,-0.012608,0.005756,
1654717651.892,-0.046175,0.026082,-0.042422,
1654717651.896,-0.006008,-0.000287,-0.041925,
1654717651.900,0.028395,-0.011928,-0.005008,
1654717651.904,0.108375,-0.015498,-0.054917,
1654717651.908,0.186855,-0.059483,-0.004349,
1654717651.912,0.113678,-0.021072,0.015800,
1654717651.916,0.006133,0.030217,-0.093369,
1654717651.920,-0.030644,-0.035309,-0.079087,
1654717651.924,-0.029276,-0.133001,0.002461,
1654717651.928,0.059374,-0.206223,0.013460,
1654717651.932,0.142955,-0.153862,0.087407,
1654717651.936,0.100255,-0.024385,0.110568,
1654717651.940,0.055934,0.101683,0.063635,
1654717651.944,0.028542,0.211496,0.069081,
1654717651.948,-0.031962,0.149424,0.038777,
1654717651.952,-0.082257,0.032929,0.028605,
1654717651.956,-0.111652,0.007524,0.043661,
1654717651.960,-0.047180,0.008619,0.053260,
1654717651.964,0.032338,0.010601,0.027806,
1654717651.968,0.012919,0.011585,-0.008977,
1654717651.972,-0.008833,0.051792,0.038663,
1654717651.976,-0.014002,0.086503,0.059644,
1654717651.980,0.022591,0.090725,0.041133,
1654717651.984,0.062763,0.089866,-0.015970,
1654717651.988,-0.005525,0.087259,0.014777,
1654717651.992,-0.073817,0.090853,0.062809,
1654717651.996,-0.037574,0.065829,-0.052222,
1654717652.000,0.034945,-0.013081,0.032279,
1654717652.004,0.045142,0.013381,0.018728,
1654717652.008,0.015135,0.130886,-0.034084,
1654717652.012,-0.030470,0.077354,-0.022010,
1654717652.016,-0.012198,0.048219,0.039186,
1654717652.020,0.002615,-0.056763,-0.061990,
1654717652.024,0.027482,-0.040370,-0.037461,
1654717652.028,-0.039680,0.043745,0.027447,
1654717652.032,-0.050987,-0.015782,0.032599,
1654717652.036,-0.002802,-0.020342,0.032503,
1654717652.040,0.034945,-0.013081,0.032279,
1654717652.044,0.045142,0.013381,0.018728,
1654717652.048,0.015135,0.130886,-0.034084,
1654717652.052,-0.030470,0.077354,-0.022010,
1654717652.056,-0.067295,0.034488,0.037327,
1654717652.060,-0.056794,0.072243,-0.003068,
1654717652.064,-0.066744,0.086747,-0.037449,
1654717652.068,-0.139304,0.133924,-0.064376,
1654717652.072,-0.191879,0.098611,-0.060255,
1654717652.076,-0.153589,0.061243,-0.043370,
1654717652.080,0.009241,0.064217,-0.062716,
1654717652.084,0.150644,0.074957,-0.040982,
1654717652.088,0.158570,0.079153,0.009106,
1654717652.092,0.135063,0.033349,0.097113,
1654717652.096,0.130117,0.018332,0.099787,
1654717652.100,0.090042,-0.040415,0.055989,
1654717652.104,0.003106,-0.142421,0.088265,
1654717652.108,-0.074224,-0.183948,0.089710,
1654717652.112,-0.100660,-0.149168,0.041905,
1654717652.116,-0.043820,-0.041883,0.015309,
1654717652.120,0.044869,0.003552,0.006343,
1654717652.124,0.037676,-0.002018,-0.006643,
1654717652.128,0.032627,0.035363,0.034295,
1654717652.132,0.069421,0.081282,0.028929,
1654717652.136,0.022738,0.075758,-0.064773,
1654717652.140,-0.076875,0.049269,-0.069730,
1654717652.144,-0.150795,0.056817,0.049746,
1654717652.148,-0.087329,0.000840,0.088404,
1654717652.152,-0.050378,-0.043434,-0.003104,
1654717652.156,-0.117840,-0.071729,-0.015110,
1654717652.160,-0.151066,-0.142473,-0.018391,
1654717652.164,-0.175323,-0.129819,-0.039372,
1654717652.168,-0.071706,-0.124325,-0.018514,
1654717652.172,0.057121,-0.138060,-0.020603,
1654717652.176,0.081975,-0.111860,-0.003807,
1654717652.180,0.036604,-0.043799,-0.008216,
1654717652.184,0.015182,0.029469,-0.011765,
1654717652.188,0.096351,0.062726,-0.016808,
1654717652.192,0.141443,0.068389,-0.060743,
1654717652.196,0.165370,-0.041864,-0.088132,
1654717652.200,0.145323,-0.100999,-0.089616,
1654717652.204,0.106973,-0.084263,-0.037248,
1654717652.208,0.060697,-0.057170,-0.020281,
1654717652.212,-0.016202,0.023281,-0.022581,
1654717652.216,-0.030998,-0.002663,0.059998,
1654717652.220,-0.093328,0.062800,0.089658,
1654717652.224,-0.103404,0.173169,0.044428,
1654717652.228,0.005849,0.127369,-0.014788,
1654717652.232,0.061119,0.075091,-0.071333,
1654717652.236,0.029128,-0.018665,-0.063515,
1654717652.240,-0.051649,-0.056558,-0.057138,
1654717652.244,-0.009757,-0.079962,-0.063552,
1654717652.248,0.095298,-0.119226,-0.030316,
1654717652.252,0.058575,-0.039961,0.016408,
1654717652.256,-0.003524,-0.031381,0.080858,
1654717652.260,-0.044875,-0.095249,0.102796,
1654717652.264,-0.109158,-0.117081,0.071942,
1654717652.268,-0.122033,-0.118255,0.027810,
1654717652.272,-0.120132,-0.087736,-0.105005,
1654717652.276,-0.066744,-0.023608,-0.142805,
1654717652.280,0.035134,-0.002755,-0.017927,
1654717652.284,0.043782,-0.010256,0.017673,
1654717652.288,0.051692,0.047644,-0.008748,
1654717652.292,0.002074,0.090082,-0.021656,
1654717652.296,-0.108087,0.104494,0.010805,
1654717652.300,-0.086129,0.084981,-0.006084,
1654717652.304,0.022328,0.020509,-0.096239,
1654717652.308,0.086057,-0.025517,-0.046057,
1654717652.312,0.056160,-0.030736,0.002274,
1654717652.316,0.118086,0.045961,-0.002346,
1654717652.320,0.195337,0.072290,0.035711,
1654717652.324,0.154966,0.046108,0.002343,
1654717652.328,0.130390,0.081518,0.005665,
1654717652.332,0.061931,0.048101,0.052472,
1654717652.336,-0.061795,0.015405,0.016990,
1654717652.340,-0.072467,0.091743,-0.052656,
1654717652.344,0.071689,0.106277,-0.058207,
1654717652.348,0.145643,0.072513,0.057014,
1654717652.352,0.202869,0.088420,0.056005,
1654717652.356,0.266577,0.069100,-0.013429,
1654717652.360,0.151723,0.063837,0.050554,
1654717652.364,0.033751,0.074445,0.088950,
1654717652.368,-0.025931,0.040590,0.079669,
1654717652.372,-0.075757,-0.018672,0.003756,
1654717652.376,-0.126385,-0.114679,-0.055026,
1654717652.380,-0.111020,-0.062357,0.011245,
1654717652.384,-0.054258,0.069203,0.063274,
1654717652.388,-0.106399,0.061986,0.050221,
1654717652.392,-0.114944,0.003720,0.066391,
1654717652.396,-0.094260,-0.059952,0.070773,
1654717652.400,-0.091682,-0.058910,-0.040201,
1654717652.404,-0.073788,0.028500,-0.088259,
1654717652.408,-0.085575,0.074338,-0.125648,
1654717652.412,-0.045755,0.057444,-0.189078,
1654717652.416,-0.075644,0.068843,-0.048685,
1654717652.420,-0.104682,0.050327,0.031550,
1654717652.424,0.011683,-0.007048,-0.040157,
1654717652.428,0.057315,-0.005706,0.009135,
1654717652.432,-0.003577,-0.017123,0.078659,
1654717652.436,-0.050404,-0.009342,0.034679,
1654717652.440,-0.028323,0.019178,-0.011073,
1654717652.444,0.013848,0.046877,-0.006104,
1654717652.448,0.088275,0.086183,-0.017690,
1654717652.452,0.131979,0.003064,0.019230,
1654717652.456,0.061264,-0.087980,0.118053,
1654717652.460,0.100423,-0.021169,0.111141,
1654717652.464,0.150996,0.064740,0.035060,
1654717652.468,0.071408,0.037746,0.025943,
1654717652.472,0.011935,-0.010967,0.001959,
1654717652.476,-0.041497,0.048547,-0.018098,
1654717652.480,-0.055720,0.164619,-0.007828,
1654717652.484,-0.022928,0.206455,-0.065899,
1654717652.488,-0.050900,0.103051,-0.092662,
1654717652.492,-0.082569,0.010653,-0.071977,
1654717652.496,-0.001238,0.021218,-0.013934,
1654717652.500,0.063550,-0.065127,0.021636,
1654717652.504,0.031262,-0.150885,-0.020272,
1654717652.508,-0.012697,-0.124679,-0.013664,
1654717652.512,-0.018494,-0.081664,-0.041093,
1654717652.516,0.029319,0.016358,-0.070525,
1654717652.520,0.011381,0.030062,-0.016619,
1654717652.524,-0.008090,-0.011138,-0.011650,
1654717652.528,0.045173,0.009884,-0.075032,
1654717652.532,0.050629,-0.072806,-0.112211,
1654717652.536,0.044472,-0.114356,-0.095691,
1654717652.540,0.052852,-0.016517,-0.056252,
1654717652.544,0.035680,-0.008116,-0.026745,
1654717652.548,0.026431,-0.076521,-0.031403,
1654717652.552,0.051923,-0.083877,-0.076861,
1654717652.556,0.077401,-0.033495,-0.128210,
1654717652.560,0.046008,-0.013852,-0.093687,
1654717652.564,-0.014855,-0.027194,-0.070274,
1654717652.568,-0.054245,0.025998,-0.069833,
1654717652.572,-0.095617,0.032449,-0.015432,
1654717652.576,-0.073150,-0.123358,0.008236,
1654717652.580,0.012622,-0.205042,0.072775,
1654717652.584,0.048400,-0.104556,0.145482,
1654717652.588,0.052745,-0.013214,0.130757,
1654717652.592,-0.038086,-0.034632,0.028879,
1654717652.596,-0.190093,-0.028189,-0.079017,
1654717652.600,-0.159758,0.040117,-0.059556,
1654717652.604,-0.024025,0.004642,-0.028533,
1654717652.608,0.072427,0.001856,0.039033,
1654717652.612,0.123974,0.027022,0.134031,
1654717652.616,0.044530,-0.008812,0.066101,
1654717652.620,-0.007478,0.011769,0.119697,
1654717652.624,0.012307,-0.014713,0.245798,
1654717652.628,-0.049333,0.014702,0.123713,
1654717652.632,-0.083121,0.073555,0.002025,
1654717652.636,-0.122505,0.009603,-0.033593,
1654717652.640,-0.126601,0.003862,-0.005554,
1654717652.644,-0.063011,0.064564,-0.022151,
1654717652.648,-0.081349,0.110961,-0.117152,
1654717652.652,-0.010466,0.066963,-0.070146,
1654717652.656,0.052598,0.024016,-0.006045,
1654717652.660,-0.026448,0.052511,-0.060940,
1654717652.664,-0.071126,0.039112,-0.159023,
1654717652.668,-0.070593,0.016757,-0.053254,
1654717652.672,0.035087,-0.076930,0.102508,
1654717652.676,0.135735,-0.175665,0.004409,
1654717652.680,0.080342,-0.149412,-0.057307,
1654717652.684,-0.025301,-0.063418,-0.040413,
1654717652.688,-0.058254,0.013848,-0.020937,
1654717652.692,0.009569,-0.022545,0.068898,
1654717652.696,0.058717,-0.076158,0.110313,
1654717652.700,0.073668,-0.095131,0.083603,
1654717652.704,0.076378,-0.145813,0.061815,
1654717652.708,0.018619,-0.092603,0.054666,
1654717652.712,-0.048997,-0.028756,-0.036347,
1654717652.716,-0.060863,-0.040494,-0.150041,
1654717652.720,-0.044088,-0.027499,-0.191590,
1654717652.724,0.025250,-0.035083,-0.207812,
1654717652.728,0.092681,-0.024566,-0.105852,
1654717652.732,0.035533,-0.024406,0.015481,
1654717652.736,0.030887,-0.053024,-0.001362,
1654717652.740,0.060505,-0.054807,-0.029885,
1654717652.744,-0.006213,-0.053384,-0.005954,
1654717652.748,-0.074840,0.028379,0.037343,
1654717652.752,-0.121558,0.080964,0.042796,
1654717652.756,-0.069818,-0.005682,0.022529,
1654717652.760,-0.005688,-0.063562,0.037937,
1654717652.764,0.011005,-0.063817,0.057854,
1654717652.768,0.024533,-0.030224,0.108337,
1654717652.772,0.016973,0.066438,0.143989,
1654717652.776,0.057349,0.084981,0.145916,
1654717652.780,0.001499,0.026518,0.135840,
1654717652.784,-0.085352,-0.010941,0.028164,
1654717652.788,-0.011534,-0.036522,-0.037381,
1654717652.792,0.049875,-0.009652,-0.026035,
1654717652.796,0.013392,0.019204,-0.084223,
1654717652.800,-0.016459,0.014177,-0.104749,
1654717652.804,0.004090,-0.005312,-0.044336,
1654717652.808,-0.052812,0.010580,-0.040582,
1654717652.812,-0.088064,0.020808,-0.038164,
1654717652.816,0.008330,-0.033085,0.022495,
1654717652.820,0.027820,-0.027491,0.015266,
1654717652.824,0.024016,-0.013682,-0.010463,
1654717652.828,-0.001871,-0.024729,0.022942,
1654717652.832,-0.105803,-0.024847,0.056845,
1654717652.836,-0.116018,-0.000127,0.015115,
1654717652.840,-0.090592,0.081074,-0.037406,
1654717652.844,-0.026168,0.064254,0.040825,
1654717652.848,0.065257,0.009115,0.063551,
1654717652.852,-0.012676,0.115177,-0.028396,
1654717652.856,-0.123204,0.192342,-0.046213,
1654717652.860,-0.103997,0.090578,0.003500,
1654717652.864,-0.043468,0.075614,-0.042153,
1654717652.868,0.015584,0.155433,-0.078001,
1654717652.872,0.056604,0.074716,0.026639,
1654717652.876,0.029411,-0.052552,0.004149,
1654717652.880,-0.032970,-0.081362,-0.003241,
1654717652.884,-0.029678,-0.078112,0.047063,
1654717652.888,0.066801,-0.062593,-0.029663,
1654717652.892,0.095700,0.036578,-0.060798,
1654717652.896,-0.001899,0.116539,-0.016073,
1654717652.900,-0.006481,0.076133,0.035478,
1654717652.904,0.056817,0.102833,0.020118,
1654717652.908,0.026812,0.131648,0.045079,
1654717652.912,0.004621,0.056053,0.025043,
1654717652.916,0.065259,0.021929,-0.059271,
1654717652.920,0.108608,0.002520,-0.056165,
1654717652.924,-0.002225,0.000333,-0.074512,
1654717652.928,-0.147577,0.031359,-0.052241,
1654717652.932,-0.116572,0.039873,-0.063757,
1654717652.936,-0.047600,0.103625,-0.072909,
1654717652.940,-0.014671,0.172421,-0.080256,
1654717652.944,0.002827,0.125127,-0.145017,
1654717652.948,-0.065683,0.044252,-0.080508,
1654717652.952,-0.058049,-0.042129,-0.012075,
1654717652.956,0.057494,-0.071517,0.015077,
1654717652.960,0.138531,0.037353,-0.019126,
1654717652.964,0.119718,0.106463,-0.037582,
1654717652.968,0.052414,0.084225,0.091231,
1654717652.972,0.064727,0.041603,0.162082,
1654717652.976,0.052067,0.007655,0.116213,
1654717652.980,-0.028257,-0.033127,0.078579,
1654717652.984,-0.048787,-0.089020,0.099723,
1654717652.988,0.040679,-0.048798,0.080219,
1654717652.992,0.111409,0.011788,0.133470,
1654717652.996,0.051188,0.021128,0.145733,
1654717653.000,-0.196762,0.069867,0.016435,
1654717653.004,-0.083635,0.055289,0.065686,
1654717653.008,0.024817,0.035126,0.064423,
1654717653.012,0.043992,0.037497,0.010282,
1654717653.016,0.002218,-0.038850,0.016679,
1654717653.020,-0.002256,0.017621,-0.042331,
1654717653.024,0.006939,-0.032400,-0.027312,
1654717653.028,-0.015771,-0.065983,-0.005798,
1654717653.032,-0.121261,-0.018066,0.000644,
1654717653.036,-0.213960,0.022722,0.023422,
1654717653.040,-0.196762,0.069867,0.016435,
1654717653.044,-0.083635,0.055289,0.065686,
1654717653.048,0.024817,0.035126,0.064423,
1654717653.052,0.043992,0.037497,0.010282,
1654717653.056,-0.001700,-0.037821,0.035496,
1654717653.060,-0.081094,-0.088243,0.052758,
1654717653.064,-0.112516,-0.049065,0.034386,
1654717653.068,-0.040727,0.015082,-0.003337,
1654717653.072,0.096873,-0.017719,-0.015091,
1654717653.076,0.241411,-0.057458,0.033891,
1654717653.080,0.190034,-0.003026,0.044280,
1654717653.084,0.025510,0.009538,-0.017477,
1654717653.088,-0.017780,0.002029,-0.047544,
1654717653.092,-0.004561,-0.023201,-0.033385,
1654717653.096,0.014867,-0.055038,-0.025359,
1654717653.100,-0.023555,-0.032316,-0.000830,
1654717653.104,-0.090884,-0.043124,0.001559,
1654717653.108,-0.062139,-0.015039,-0.063924,
1654717653.112,0.007955,0.074015,-0.127795,
1654717653.116,-0.000886,0.102205,-0.120223,
1654717653.120,-0.089637,0.086057,-0.107882,
1654717653.124,-0.144597,0.031771,-0.087412,
1654717653.128,-0.122122,-0.025367,-0.041194,
1654717653.132,-0.067689,-0.040583,-0.035824,
1654717653.136,-0.014485,-0.056566,-0.016322,
1654717653.140,0.035717,-0.117843,0.033806,
1654717653.144,0.032438,-0.172514,0.059475,
1654717653.148,-0.043537,-0.102839,0.043319,
1654717653.152,-0.106515,-0.006278,0.010382,
1654717653.156,-0.079369,0.020257,0.003267,
1654717653.160,-0.010573,0.035801,0.006144,
1654717653.164,0.004445,0.012864,-0.002743,
1654717653.168,0.059308,-0.000148,-0.020759,
1654717653.172,0.094132,0.041375,-0.067835,
1654717653.176,-0.020717,0.079103,-0.044530,
1654717653.180,-0.083031,0.069090,0.059742,
1654717653.184,-0.043111,0.019159,0.023200,
1654717653.188,-0.018150,0.027610,-0.088383,
1654717653.192,-0.053442,0.034767,-0.114145,
1654717653.196,-0.108447,-0.052610,-0.073302,
1654717653.200,-0.102608,-0.107202,0.001041,
1654717653.204,-0.118423,-0.068695,0.023625,
1654717653.208,-0.084656,-0.018875,0.025975,
1654717653.212,-0.008106,0.016783,0.052545,
1654717653.216,-0.020232,0.045176,0.041350,
1654717653.220,0.004124,0.092996,0.040462,
1654717653.224,-0.017948,0.097661,0.057324,
1654717653.228,-0.128722,0.019606,0.014113,
1654717653.232,-0.159341,0.027778,0.006263,
1654717653.236,-0.101401,0.046371,0.046447,
1654717653.240,-0.060157,0.002323,0.001034,
1654717653.244,-0.081863,0.004857,-0.040274,
1654717653.248,-0.034949,0.017616,0.006514,
1654717653.252,0.007083,0.057100,-0.019128,
1654717653.256,-0.034364,0.049899,-0.112919,
1654717653.260,-0.024004,0.018209,-0.022501,
1654717653.264,0.021882,0.084868,0.097035,
1654717653.268,0.083434,0.130532,0.031811,
1654717653.272,0.098349,0.107881,-0.013025,
1654717653.276,0.012053,0.094776,-0.035618,
1654717653.280,-0.036902,0.085881,-0.069975,
1654717653.284,-0.071538,0.042089,-0.037061,
1654717653.288,-0.113185,-0.024461,0.021490,
1654717653.292,-0.062796,-0.097972,0.048728,
1654717653.296,-0.038727,-0.099896,0.050011,
1654717653.300,0.004229,-0.078390,0.080927,
1654717653.304,0.084949,-0.121597,0.061585,
1654717653.308,0.034667,-0.085040,-0.004780,
1654717653.312,-0.044437,0.002838,-0.050882,
1654717653.316,-0.063447,0.004754,-0.062326,
1654717653.320,-0.017176,-0.050719,0.052315,
1654717653.324,-0.029323,-0.091774,0.115676,
1654717653.328,-0.097825,-0.101894,0.034530,
1654717653.332,-0.076920,-0.077957,-0.013055,
1654717653.336,-0.092335,-0.032046,-0.085261,
1654717653.340,-0.107911,-0.030720,-0.109179,
1654717653.344,-0.083491,-0.000256,-0.031186,
1654717653.348,-0.085833,0.036604,0.006747,
1654717653.352,-0.066825,-0.048107,0.018349,
1654717653.356,-0.005157,-0.104687,-0.024243,
1654717653.360,0.091977,-0.046755,-0.077046,
1654717653.364,0.119858,0.023365,-0.080884,
1654717653.368,0.086377,0.034129,-0.103174,
1654717653.372,0.061644,-0.026496,-0.094338,
1654717653.376,0.014675,-0.063982,-0.037121,
1654717653.380,-0.037204,-0.079881,0.005542,
1654717653.384,-0.063969,-0.077613,0.085374,
1654717653.388,-0.074741,0.042152,0.120279,
1654717653.392,-0.107615,0.094634,0.034834,
1654717653.396,-0.128998,-0.024238,-0.053505,
1654717653.400,-0.094270,-0.040197,-0.100368,
1654717653.404,0.003917,0.000530,-0.107992,
1654717653.408,0.108243,-0.046170,-0.098169,
1654717653.412,0.082770,0.009286,-0.059403,
1654717653.416,-0.065053,0.112205,-0.048137,
1654717653.420,-0.167463,0.141600,-0.058974,
1654717653.424,-0.086397,0.116492,-0.020514,
1654717653.428,-0.029609,0.041443,-0.047370,
1654717653.432,-0.138871,0.011782,-0.061780,
1654717653.436,-0.151210,-0.044180,-0.018904,
1654717653.440,-0.113385,-0.109098,-0.029070,
1654717653.444,-0.157293,-0.062717,0.006736,
1654717653.448,-0.168786,0.044383,-0.000316,
1654717653.452,-0.147023,0.135061,-0.070393,
1654717653.456,-0.137477,0.087750,0.010133,
1654717653.460,-0.160449,-0.022831,0.068846,
1654717653.464,-0.091214,-0.062334,-0.002499,
1654717653.468,0.038791,-0.064384,0.027297,
1654717653.472,0.014001,-0.064455,0.073170,
1654717653.476,-0.036264,-0.029945,0.030991,
1654717653.480,0.011714,0.058549,0.079002,
1654717653.484,0.078221,0.103216,0.097515,
1654717653.488,0.060565,0.134919,0.042629,
1654717653.492,-0.028352,0.114549,0.053660,
1654717653.496,-0.018822,-0.018578,0.042026,
1654717653.500,0.017043,-0.037430,0.031354,
1654717653.504,-0.036330,0.034675,0.040437,
1654717653.508,-0.003070,0.053065,-0.055282,
1654717653.512,0.068580,0.012898,-0.094993,
1654717653.516,0.034977,-0.021022,0.036521,
1654717653.520,0.067255,0.056622,0.044780,
1654717653.524,0.084910,0.088635,0.046928,
1654717653.528,0.021475,0.063495,0.077808,
1654717653.532,0.017093,0.045320,-0.018146,
1654717653.536,-0.029111,-0.054046,0.017574,
1654717653.540,-0.090401,-0.091508,0.013414,
1654717653.544,-0.070997,-0.038399,-0.016400,
1654717653.548,-0.010649,0.014103,0.003884,
1654717653.552,0.044761,0.028217,-0.071130,
1654717653.556,0.055226,0.007343,-0.036171,
1654717653.560,0.012003,0.017295,0.009661,
1654717653.564,-0.066429,-0.014249,0.017072,
1654717653.568,-0.107124,-0.075555,-0.006344,
1654717653.572,-0.066193,-0.128740,-0.005166,
1654717653.576,0.011381,-0.128740,0.046013,
1654717653.580,0.060140,-0.051362,-0.045854,
1654717653.584,0.066134,-0.003839,-0.044829,
1654717653.588,0.012620,0.078683,-0.003291,
1654717653.592,-0.034991,0.152020,-0.045738,
1654717653.596,0.014381,0.164532,-0.009219,
1654717653.600,0.030929,0.198146,0.017554,
1654717653.604,-0.027496,0.183529,0.021748,
1654717653.608,-0.051289,0.122583,-0.019325,
1654717653.612,-0.040153,0.083807,-0.026560,
1654717653.616,-0.009003,0.069757,0.037727,
1654717653.620,0.023150,0.013024,0.003724,
1654717653.624,0.010036,-0.057238,0.003441,
1654717653.628,-0.031355,-0.103506,0.084059,
1654717653.632,-0.020224,-0.118930,0.036665,
1654717653.636,0.066165,-0.046083,-0.133270,
1654717653.640,0.090344,-0.070585,-0.191459,
1654717653.644,0.066541,-0.160929,-0.125413,
1654717653.648,0.092699,-0.128764,-0.102265,
1654717653.652,0.021451,-0.079093,-0.030545,
1654717653.656,-0.077825,0.001391,0.017022,
1654717653.660,-0.056650,0.075713,0.019830,
1654717653.664,0.049833,0.042963,0.047198,
1654717653.668,0.137591,-0.026168,0.008966,
1654717653.672,0.106382,-0.106872,0.024390,
1654717653.676,0.084290,-0.107331,-0.022615,
1654717653.680,0.007107,-0.010256,-0.093630,
1654717653.684,-0.088623,0.033520,-0.053974,
1654717653.688,-0.016743,0.048962,0.009994,
1654717653.692,0.033446,0.084316,0.047737,
1654717653.696,0.041697,0.056365,-0.052190,
1654717653.700,0.044381,-0.014530,-0.036367,
1654717653.704,0.015886,-0.077833,0.092359,
1654717653.708,0.042013,-0.151662,0.122078,
1654717653.712,0.024654,-0.142166,0.092683,
1654717653.716,-0.057768,-0.071446,0.076737,
1654717653.720,-0.089705,0.006802,0.152882,
1654717653.724,-0.074911,0.107758,0.164698,
1654717653.728,-0.003026,0.123223,0.118240,
1654717653.732,0.099953,0.083077,0.048463,
1654717653.736,0.073120,-0.000403,-0.020966,
1654717653.740,-0.042263,-0.050509,-0.001969,
1654717653.744,-0.080894,-0.048367,-0.003645,
1654717653.748,-0.064948,-0.078857,-0.023743,
1654717653.752,-0.002852,0.026387,-0.040767,
1654717653.756,0.036583,0.104954,-0.048836,
1654717653.760,-0.042489,0.058276,-0.021902,
1654717653.764,-0.076704,0.029012,-0.020290,
1654717653.768,-0.028927,-0.057805,-0.051528,
1654717653.772,-0.018964,-0.059955,-0.094936,
1654717653.776,0.061660,-0.013159,-0.086440,
1654717653.780,0.176225,-0.069422,-0.049507,
1654717653.784,0.123565,-0.082477,-0.055156,
1654717653.788,0.035239,-0.005381,-0.045806,
1654717653.792,0.028936,0.069560,-0.057720,
1654717653.796,-0.053030,0.016902,-0.053517,
1654717653.800,-0.139454,-0.054418,-0.056841,
1654717653.804,-0.124238,-0.044839,-0.049551,
1654717653.808,-0.142888,-0.002543,0.066514,
1654717653.812,-0.142898,0.112974,0.078812,
1654717653.816,-0.054636,0.130965,0.060302,
1654717653.820,0.002896,0.050119,0.081468,
1654717653.824,-0.008095,0.080153,0.107319,
1654717653.828,-0.016927,0.147268,0.154339,
1654717653.832,-0.013737,0.167291,0.069930,
1654717653.836,-0.011781,0.162351,0.044307,
1654717653.840,0.008023,0.096999,0.050970,
1654717653.844,0.010404,-0.004677,-0.003912,
1654717653.848,-0.011125,-0.049194,0.052212,
1654717653.852,-0.030302,-0.033660,0.130458,
1654717653.856,0.000675,-0.032513,0.164289,
1654717653.860,0.030193,-0.097870,0.120934,
1654717653.864,-0.011497,-0.085536,0.114646,
1654717653.868,-0.002162,0.014444,0.132844,
1654717653.872,0.040487,-0.007840,0.067841,
1654717653.876,0.010745,-0.052841,0.096515,
1654717653.880,0.003521,-0.060073,0.065145,
1654717653.884,0.034803,-0.092002,-0.046368,
1654717653.888,-0.002571,-0.018489,0.005943,
1654717653.892,-0.002795,0.046628,0.017985,
1654717653.896,0.070374,-0.016559,-0.069947,
1654717653.900,0.025786,0.002337,-0.052626,
1654717653.904,-0.042326,0.038833,-0.033860,
1654717653.908,0.010493,0.037904,-0.029871,
1654717653.912,0.060568,0.091297,0.077358,
1654717653.916,0.062878,0.060161,0.134219,
1654717653.920,0.074816,0.054766,0.105990,
1654717653.924,0.095684,0.044328,0.092147,
1654717653.928,0.070116,-0.023634,0.118254,
1654717653.932,0.019104,0.054296,0.156487,
1654717653.936,-0.005837,0.089735,0.157896,
1654717653.940,-0.038144,0.034893,0.115564,
1654717653.944,-0.072207,-0.027958,0.013031,
1654717653.948,-0.112316,-0.103435,-0.037223,
1654717653.952,-0.113185,-0.117840,0.021098,
1654717653.956,-0.036540,-0.094520,0.091909,
1654717653.960,-0.022773,-0.051278,0.042668,
1654717653.964,-0.024448,-0.014923,-0.022877,
1654717653.968,0.035814,0.027542,-0.000757,
1654717653.972,0.046468,0.051096,-0.061463,
1654717653.976,0.033126,0.071279,-0.032874,
1654717653.980,-0.002296,0.095411,0.073186,
1654717653.984,-0.039257,0.063375,-0.003942,
1654717653.988,-0.008972,-0.030407,-0.097762,
1654717653.992,0.029419,-0.173158,-0.084629,
1654717653.996,0.006080,-0.109258,-0.060358,
1654717654.000,0.110703,0.008837,0.005553,
1654717654.004,0.027363,0.027762,0.044720,
1654717654.008,-0.031405,0.110919,0.024918,
1654717654.012,-0.124385,0.172487,0.018033,
1654717654.016,0.009149,-0.003695,-0.031577,
1654717654.020,-0.027848,0.026489,-0.005451,
1654717654.024,0.016915,0.023819,0.034516,
1654717654.028,0.039335,-0.003603,0.017380,
1654717654.032,0.015817,-0.020822,0.020860,
1654717654.036,0.100879,-0.027556,0.018810,
1654717654.040,0.110703,0.008837,0.005553,
1654717654.044,0.027363,0.027762,0.044720,
1654717654.048,-0.031405,0.110919,0.024918,
1654717654.052,-0.124385,0.172487,0.018033,
1654717654.056,-0.091842,0.095432,0.055632,
1654717654.060,0.036326,0.017466,-0.003636,
1654717654.064,0.077842,-0.040420,-0.094504,
1654717654.068,0.096472,-0.090306,-0.074133,
1654717654.072,0.064285,-0.071929,-0.044566,
1654717654.076,0.032601,-0.048325,-0.033518,
1654717654.080,0.053280,-0.071661,0.002553,
1654717654.084,0.015489,-0.060958,0.029461,
1654717654.088,-0.028746,0.008600,0.053082,
1654717654.092,-0.066773,0.097096,-0.026186,
1654717654.096,-0.080711,0.121215,-0.057168,
1654717654.100,-0.049575,0.077764,0.085192,
1654717654.104,0.018626,0.043981,0.133951,
1654717654.108,0.114597,-0.003299,0.046013,
1654717654.112,0.066407,-0.070800,0.003820,
1654717654.116,0.015607,-0.097368,-0.061442,
1654717654.120,0.106416,-0.029006,-0.089376,
1654717654.124,0.177286,0.047809,0.004525,
1654717654.128,0.157363,0.084839,0.031201,
1654717654.132,0.066375,0.168347,0.071344,
1654717654.136,0.017883,0.190874,0.132947,
1654717654.140,-0.002175,0.100058,0.104954,
1654717654.144,-0.043697,0.034898,0.066809,
1654717654.148,-0.106740,0.019650,0.033612,
1654717654.152,-0.135674,0.008152,0.058772,
1654717654.156,-0.074793,0.004996,0.092960,
1654717654.160,-0.040874,0.046181,0.032667,
1654717654.164,0.039146,0.043924,-0.030816,
1654717654.168,0.114835,-0.003448,-0.049402,
1654717654.172,0.079670,-0.037561,-0.041361,
1654717654.176,0.053509,-0.129657,-0.006972,
1654717654.180,-0.010610,-0.198765,0.019031,
1654717654.184,-0.027958,-0.250286,-0.030036,
1654717654.188,0.025552,-0.231037,-0.045802,
1654717654.192,0.042640,-0.103285,0.046376,
1654717654.196,0.079118,-0.066673,0.129673,
1654717654.200,0.087068,0.000081,0.194749,
1654717654.204,0.059192,0.097246,0.158716,
1654717654.208,-0.020830,0.070639,0.054422,
1654717654.212,-0.120313,0.008986,-0.020966,
1654717654.216,-0.113522,-0.086379,-0.048158,
1654717654.220,-0.127769,-0.159039,-0.006241,
1654717654.224,-0.194766,-0.108720,0.009069,
1654717654.228,-0.206919,-0.073898,-0.021985,
1654717654.232,-0.174244,-0.163546,-0.087807,
1654717654.236,-0.108418,-0.209024,-0.075028,
1654717654.240,0.014413,-0.138281,-0.059878,
1654717654.244,0.170633,-0.069535,-0.065625,
1654717654.248,0.222638,-0.052066,0.028959,
1654717654.252,0.224462,-0.070540,0.062672,
1654717654.256,0.200559,-0.024873,0.093329,
1654717654.260,0.113688,0.096406,0.079767,
1654717654.264,0.039931,0.179184,-0.000019,
1654717654.268,-0.073294,0.144570,-0.006319,
1654717654.272,-0.069527,0.005295,0.015919,
1654717654.276,0.013486,-0.071236,0.084509,
1654717654.280,-0.032093,-0.022915,0.048744,
1654717654.284,-0.038766,0.043795,-0.077373,
1654717654.288,0.066399,0.085416,-0.100964,
1654717654.292,0.162658,0.113628,-0.042089,
1654717654.296,0.154354,0.124903,0.018408,
1654717654.300,0.104557,0.088779,-0.003648,
1654717654.304,0.026458,0.007590,-0.025407,
1654717654.308,-0.076481,-0.014566,-0.003020,
1654717654.312,-0.059666,0.053503,0.000601,
1654717654.316,-0.044195,0.110913,0.015346,
1654717654.320,-0.103902,0.149098,0.003564,
1654717654.324,-0.066371,0.114912,-0.026725,
1654717654.328,-0.015086,0.006821,0.023965,
1654717654.332,-0.084780,-0.058824,0.021018,
1654717654.336,-0.174042,-0.106478,-0.046514,
1654717654.340,-0.172097,-0.081060,-0.022615,
1654717654.344,-0.076074,0.013743,-0.013726,
1654717654.348,0.016954,0.051162,-0.001819,
1654717654.352,0.064782,0.042506,0.045659,
1654717654.356,0.057966,0.030409,0.060911,
1654717654.360,-0.032445,0.012189,0.059459,
1654717654.364,-0.112642,-0.018964,0.026943,
1654717654.368,-0.118386,0.003906,0.004402,
1654717654.372,-0.030988,0.029865,-0.004524,
1654717654.376,0.096020,0.006878,0.019865,
1654717654.380,0.129955,-0.008040,0.034427,
1654717654.384,0.081253,-0.049548,-0.019482,
1654717654.388,-0.001099,-0.057742,-0.050300,
1654717654.392,-0.048375,-0.043642,-0.022441,
1654717654.396,-0.031431,-0.030234,0.019399,
1654717654.400,-0.017152,0.080242,0.031379,
1654717654.404,-0.005281,0.146536,0.005236,
1654717654.408,0.007857,0.102455,-0.047909,
1654717654.412,0.019747,0.072303,-0.015235,
1654717654.416,0.032716,0.008629,0.093786,
1654717654.420,-0.002070,-0.084055,0.096766,
1654717654.424,-0.070091,-0.104795,0.007186,
1654717654.428,-0.068558,-0.061677,-0.005862,
1654717654.432,0.041532,0.031183,0.035985,
1654717654.436,0.166890,0.088262,0.013860,
1654717654.440,0.141201,0.079187,-0.010826,
1654717654.444,0.017269,0.109425,-0.045114,
1654717654.448,-0.050160,0.093263,-0.090155,
1654717654.452,-0.103309,0.011520,-0.107871,
1654717654.456,-0.117564,-0.027433,-0.114880,
1654717654.460,-0.099216,-0.085108,-0.023087,
1654717654.464,-0.068524,-0.129659,0.148553,
1654717654.468,0.004025,-0.100109,0.194027,
1654717654.472,0.045460,-0.073376,0.052180,
1654717654.476,0.080447,-0.059351,-0.052752,
1654717654.480,0.015287,-0.007502,0.029386,
1654717654.484,-0.125669,0.045341,0.072353,
1654717654.488,-0.095026,0.018731,-0.026069,
1654717654.492,-0.026120,-0.009384,-0.053668,
1654717654.496,-0.062551,0.053493,-0.023909,
1654717654.500,-0.057965,0.152246,0.053235,
1654717654.504,0.000003,0.178449,0.086023,
1654717654.508,-0.001285,0.074808,-0.013979,
1654717654.512,0.048103,-0.045857,-0.037637,
1654717654.516,0.076364,-0.158929,-0.048083,
1654717654.520,-0.043101,-0.201408,-0.093301,
1654717654.524,-0.070325,-0.008738,-0.072939,
1654717654.528,-0.025524,0.141254,-0.002643,
1654717654.532,0.110751,0.067751,0.027710,
1654717654.536,0.255564,-0.021445,0.004087,
1654717654.540,0.180423,-0.032899,-0.007826,
1654717654.544,0.101916,-0.016079,-0.000661,
1654717654.548,0.065960,-0.065859,0.020785,
1654717654.552,0.051015,-0.101327,-0.089721,
1654717654.556,0.014263,-0.080422,-0.164834,
1654717654.560,-0.092934,-0.033424,-0.102923,
1654717654.564,-0.134886,0.030553,-0.075318,
1654717654.568,-0.163560,0.007170,0.026584,
1654717654.572,-0.145687,0.027833,0.064708,
1654717654.576,-0.032631,0.116673,0.053856,
1654717654.580,0.050479,0.128763,0.082000,
1654717654.584,0.096550,0.101247,0.046004,
1654717654.588,0.115526,0.067788,0.088393,
1654717654.592,0.081492,0.084968,0.036487,
1654717654.596,0.071621,0.088407,-0.105528,
1654717654.600,0.029836,0.053362,-0.117017,
1654717654.604,-0.060819,0.041033,-0.090155,
1654717654.608,-0.029748,-0.024025,0.045634,
1654717654.612,0.009367,-0.093417,0.139703,
1654717654.616,0.000255,-0.083094,0.091825,
1654717654.620,0.004345,-0.013939,0.136920,
1654717654.624,-0.068787,0.007608,0.105684,
1654717654.628,-0.046277,-0.030536,-0.010338,
1654717654.632,0.072476,-0.052589,0.040496,
1654717654.636,0.021520,-0.073454,0.044689,
1654717654.640,-0.102088,-0.022130,-0.018213,
1654717654.644,-0.121261,0.027902,0.012547,
1654717654.648,-0.047590,-0.031442,0.008325,
1654717654.652,0.023155,-0.071204,-0.015991,
1654717654.656,0.026051,-0.045553,-0.064057,
1654717654.660,-0.020578,-0.010518,-0.055894,
1654717654.664,-0.043749,-0.000295,0.001891,
1654717654.668,-0.001277,0.020152,-0.059693,
1654717654.672,0.029915,-0.026028,-0.044587,
1654717654.676,0.044396,-0.125734,-0.006214,
1654717654.680,0.058969,-0.057025,-0.070523,
1654717654.684,0.046200,0.069250,-0.098089,
1654717654.688,0.051842,0.137909,-0.074660,
1654717654.692,0.026846,0.142188,-0.072242,
1654717654.696,-0.051609,0.050873,-0.091963,
1654717654.700,-0.056608,0.019322,-0.051930,
1654717654.704,-0.021521,0.024224,-0.031894,
1654717654.708,-0.038218,0.045843,-0.017402,
1654717654.712,-0.055453,0.111115,-0.067899,
1654717654.716,-0.031841,0.086325,-0.175531,
1654717654.720,0.000711,0.055525,-0.156696,
1654717654.724,0.046691,0.052025,-0.095856,
1654717654.728,0.097887,-0.018132,0.053970,
1654717654.732,0.054154,-0.078151,0.148996,
1654717654.736,0.023460,-0.067324,0.071985,
1654717654.740,0.050327,-0.017982,-0.007963,
1654717654.744,0.050960,-0.005745,-0.065895,
1654717654.748,0.097519,-0.071693,-0.005648,
1654717654.752,0.084474,-0.198951,0.046855,
1654717654.756,0.047828,-0.243439,0.008966,
1654717654.760,0.026967,-0.153877,-0.000063,
1654717654.764,-0.031749,-0.002149,-0.002282,
1654717654.768,-0.022865,0.184828,0.027527,
1654717654.772,-0.078978,0.180951,0.041866,
1654717654.776,-0.160299,0.018044,0.067053,
1654717654.780,-0.184641,-0.070882,0.090784,
1654717654.784,-0.198116,-0.092808,0.003608,
1654717654.788,-0.105667,-0.036666,-0.024115,
1654717654.792,0.015445,0.007041,-0.001392,
1654717654.796,0.078630,-0.010418,-0.025926,
1654717654.800,0.098850,-0.054363,-0.021124,
1654717654.804,0.122764,-0.101603,-0.003778,
1654717654.808,0.125048,-0.033505,0.017269,
1654717654.812,0.127794,0.024575,0.040209,
1654717654.816,0.162639,-0.064591,0.057258,
1654717654.820,0.123916,-0.107935,-0.005155,
1654717654.824,0.063440,-0.045634,-0.046315,
1654717654.828,0.039815,-0.020297,0.051730,
1654717654.832,0.069337,-0.019040,0.109102,
1654717654.836,0.074335,-0.019912,0.106367,
1654717654.840,-0.002805,0.023352,0.112808,
1654717654.844,-0.019491,0.090678,0.112902,
1654717654.848,0.020338,0.020984,0.067695,
1654717654.852,0.028537,-0.019870,0.022753,
1654717654.856,0.015922,-0.017916,0.026180,
1654717654.860,0.026111,-0.090773,-0.005474,
1654717654.864,0.057037,-0.067637,-0.015518,
1654717654.868,0.098598,-0.004785,0.062797,
1654717654.872,0.077764,0.002633,0.052831,
1654717654.876,0.008054,-0.017242,-0.091365,
1654717654.880,0.066441,-0.001844,-0.055761,
1654717654.884,0.133596,0.076947,0.080650,
1654717654.888,0.041033,0.126967,-0.020169,
1654717654.892,-0.050664,0.138014,-0.110396,
1654717654.896,-0.027866,0.093901,-0.074557,
1654717654.900,-0.017200,0.042446,-0.133580,
1654717654.904,-0.103834,-0.037317,-0.106190,
1654717654.908,-0.201411,-0.128042,0.008761,
1654717654.912,-0.203726,-0.075363,-0.008698,
1654717654.916,-0.122980,-0.007402,-0.036744,
1654717654.920,-0.068227,0.019325,-0.056850,
1654717654.924,-0.030904,-0.031355,-0.034155,
1654717654.928,0.017361,-0.140972,0.095994,
1654717654.932,0.073043,-0.121445,0.176190,
1654717654.936,0.110173,-0.058154,0.175133,
1654717654.940,0.040540,0.024315,0.175338,
1654717654.944,-0.027845,0.087637,0.125732,
1654717654.948,-0.040974,0.029831,-0.026700,
1654717654.952,-0.086455,-0.032558,-0.129744,
1654717654.956,-0.099358,0.013896,-0.112243,
1654717654.960,-0.046340,0.099984,-0.057741,
1654717654.964,0.020656,0.041186,-0.013235,
1654717654.968,0.037849,-0.036540,0.077794,
1654717654.972,0.000685,0.000176,0.136639,
1654717654.976,0.022199,0.000730,0.068709,
1654717654.980,0.040608,0.016048,0.043636,
1654717654.984,-0.019946,0.074900,-0.014251,
1654717654.988,-0.049464,0.085852,-0.074450,
1654717654.992,-0.083816,0.050358,-0.058606,
1654717654.996,-0.040664,-0.011125,-0.097573,
1654717655.000,0.062936,0.052466,0.061334,
1654717655.004,0.159376,0.090121,-0.029565,
1654717655.008,0.172799,0.069854,-0.020085,
1654717655.012,0.086485,0.182382,0.012652,
1654717655.016,0.021055,0.047499,-0.045920,
1654717655.020,0.034173,-0.066823,-0.077809,
1654717655.024,0.066107,-0.141397,-0.042587,
1654717655.028,0.182072,-0.077195,-0.023983,
1654717655.032,0.173143,-0.019373,0.012387,
1654717655.036,0.052075,-0.025390,0.076855,
1654717655.040,0.062936,0.052466,0.061334,
1654717655.044,0.159376,0.090121,-0.029565,
1654717655.048,0.172799,0.069854,-0.020085,
1654717655.052,0.086485,0.182382,0.012652,
1654717655.056,0.016384,0.172671,-0.038835,
1654717655.060,0.006484,0.008939,-0.052229,
1654717655.064,-0.009673,-0.054326,-0.043569,
1654717655.068,-0.071669,-0.069015,-0.090221,
1654717655.072,-0.051714,-0.057004,-0.105480,
1654717655.076,0.034890,0.013310,-0.018879,
1654717655.080,0.046867,0.145402,0.039275,
1654717655.084,0.023158,0.158956,0.064850,
1654717655.088,0.002665,0.073036,0.036766,
1654717655.092,0.023846,0.064858,-0.033958,
1654717655.096,0.069980,0.070137,0.022895,
1654717655.100,0.073828,0.090709,0.077006,
1654717655.104,0.058402,0.062954,0.046426,
1654717655.108,0.036035,0.028878,-0.029163,
1654717655.112,-0.031843,0.053716,-0.133347,
1654717655.116,-0.136075,0.065141,-0.120054,
1654717655.120,-0.150774,0.054141,-0.008573,
1654717655.124,-0.063872,-0.043537,0.038795,
1654717655.128,-0.002435,-0.115595,0.067761,
1654717655.132,0.065086,-0.056046,0.115502,
1654717655.136,0.104468,0.016770,0.092396,
1654717655.140,0.063209,0.046381,0.081883,
1654717655.144,0.118758,0.019682,0.066218,
1654717655.148,0.137158,-0.031431,0.028007,
1654717655.152,0.001137,-0.004995,0.036868,
1654717655.156,-0.098022,0.095004,0.032448,
1654717655.160,-0.173866,0.099244,0.072143,
1654717655.164,-0.171861,-0.039339,0.061678,
1654717655.168,-0.054182,-0.141969,-0.010443,
1654717655.172,0.059334,-0.107171,0.060895,
1654717655.176,0.042459,0.045549,0.110125,
1654717655.180,-0.078697,0.164270,0.011200,
1654717655.184,-0.065379,0.124798,-0.051868,
1654717655.188,0.010583,0.095448,-0.060810,
1654717655.192,-0.016890,0.150618,-0.049176,
1654717655.196,-0.100083,0.155669,-0.021617,
1654717655.200,-0.105569,0.106495,-0.044146,
1654717655.204,0.018395,0.108661,0.017469,
1654717655.208,0.070636,0.146628,0.090535,
1654717655.212,0.042020,0.121231,0.015202,
1654717655.216,0.039550,0.072038,-0.018982,
1654717655.220,0.043126,0.052046,0.021968,
1654717655.224,0.085007,0.057575,0.063482,
1654717655.228,0.057433,0.069100,0.075623,
1654717655.232,-0.017110,0.031246,-0.009258,
1654717655.236,0.018784,-0.004840,-0.085458,
1654717655.240,0.038258,-0.003997,-0.120040,
1654717655.244,0.000822,-0.005756,-0.172568,
1654717655.248,-0.007481,-0.008276,-0.131706,
1654717655.252,0.017020,-0.025089,-0.050010,
1654717655.256,0.010688,-0.069931,-0.025211,
1654717655.260,-0.018150,-0.072084,-0.025754,
1654717655.264,0.030642,0.037508,-0.005123,
1654717655.268,0.030879,0.088270,0.030530,
1654717655.272,0.012460,-0.009809,0.012617,
1654717655.276,0.008690,-0.063255,0.062373,
1654717655.280,-0.090335,-0.077728,0.057404,
1654717655.284,-0.061189,-0.078411,-0.077729,
1654717655.288,0.006235,-0.025674,-0.091639,
1654717655.292,-0.028370,-0.055125,-0.035011,
1654717655.296,0.020574,-0.096780,0.057991,
1654717655.300,0.041724,-0.004916,0.092955,
1654717655.304,0.048599,0.125741,0.008074,
1654717655.308,0.106469,0.134882,0.005128,
1654717655.312,0.086472,0.063104,-0.000745,
1654717655.316,0.052212,0.020104,-0.044409,
1654717655.320,0.023649,-0.030610,0.004334,
1654717655.324,0.012578,-0.051533,0.007973,
1654717655.328,0.059534,-0.094491,-0.028581,
1654717655.332,0.048056,-0.120615,-0.006036,
1654717655.336,0.028511,-0.042626,0.009380,
1654717655.340,0.055307,-0.014412,0.083411,
1654717655.344,-0.015207,-0.018980,0.073141,
1654717655.348,-0.123064,-0.048987,0.015828,
1654717655.352,-0.117730,-0.070089,0.096184,
1654717655.356,-0.008373,-0.041830,0.049143,
1654717655.360,0.026313,-0.035556,-0.074329,
1654717655.364,-0.044925,0.030947,-0.108565,
1654717655.368,-0.001243,0.059103,-0.009817,
1654717655.372,0.023439,0.002694,0.104303,
1654717655.376,-0.058459,-0.024474,0.044152,
1654717655.380,0.019446,-0.013217,0.015997,
1654717655.384,0.148578,0.041524,-0.016324,
1654717655.388,0.074233,0.001696,-0.065481,
1654717655.392,-0.046752,-0.125761,-0.031079,
1654717655.396,-0.068655,-0.152497,-0.013217,
1654717655.400,-0.104152,-0.043589,0.024902,
1654717655.404,-0.109219,0.087829,0.022107,
1654717655.408,-0.079240,0.123979,-0.006584,
1654717655.412,-0.123269,0.131677,0.021205,
1654717655.416,-0.141323,0.102392,0.019917,
1654717655.420,-0.070842,0.005954,-0.023364,
1654717655.424,0.017537,0.008506,-0.025165,
1654717655.428,0.024867,0.093802,-0.010415,
1654717655.432,0.015476,0.108978,-0.047384,
1654717655.436,0.083518,0.089830,-0.043027,
1654717655.440,0.052193,0.140744,-0.019423,
1654717655.444,-0.059514,0.174351,-0.025955,
1654717655.448,-0.034645,0.094093,-0.058204,
1654717655.452,0.041860,-0.053169,-0.091337,
1654717655.456,0.078601,-0.146198,-0.049151,
1654717655.460,0.104807,-0.072667,0.038227,
1654717655.464,0.103003,-0.031757,0.119685,
1654717655.468,0.145494,-0.067322,0.065512,
1654717655.472,0.140834,-0.037685,-0.014776,
1654717655.476,0.018844,-0.036146,-0.002542,
1654717655.480,-0.043689,-0.023731,0.056000,
1654717655.484,-0.005643,-0.025566,0.106349,
1654717655.488,0.039910,-0.079881,0.006829,
1654717655.492,0.007514,-0.139134,0.009631,
1654717655.496,-0.012810,-0.212915,0.146190,
1654717655.500,0.012804,-0.158508,0.136787,
1654717655.504,0.011507,-0.021505,0.015081,
1654717655.508,0.025754,0.032055,-0.072023,
1654717655.512,-0.030570,0.011827,0.010115,
1654717655.516,-0.161714,-0.026974,0.100070,
1654717655.520,-0.199999,-0.058784,0.033366,
1654717655.524,-0.146409,-0.095370,-0.026665,
1654717655.528,-0.113448,-0.088594,-0.073724,
1654717655.532,-0.094031,-0.043605,-0.117323,
1654717655.536,-0.065324,0.022622,-0.023460,
1654717655.540,-0.042901,0.006603,-0.000981,
1654717655.544,-0.000154,-0.130946,-0.057410,
1654717655.548,-0.017664,-0.125341,-0.002949,
1654717655.552,-0.020665,0.008637,0.034414,
1654717655.556,0.071791,0.066709,0.027813,
1654717655.560,0.091355,0.058090,-0.038271,
1654717655.564,0.103208,0.030298,-0.109670,
1654717655.568,0.112617,-0.019329,-0.088903,
1654717655.572,0.053464,-0.039698,-0.046802,
1654717655.576,-0.043431,-0.010487,-0.021215,
1654717655.580,-0.166138,0.004256,0.009893,
1654717655.584,-0.091207,0.042031,0.027267,
1654717655.588,0.029944,0.013161,-0.038084,
1654717655.592,0.054501,-0.124784,-0.093321,
1654717655.596,0.141104,-0.180789,-0.024503,
1654717655.600,0.151889,-0.145687,0.022723,
1654717655.604,0.084878,-0.101991,-0.004239,
1654717655.608,-0.022511,-0.048514,0.001774,
1654717655.612,-0.143061,0.018474,-0.000928,
1654717655.616,-0.186137,0.069665,0.002557,
1654717655.620,-0.138309,0.110225,-0.027175,
1654717655.624,-0.000458,0.138227,-0.084245,
1654717655.628,0.066215,0.133856,-0.060259,
1654717655.632,-0.002254,0.075958,-0.013425,
1654717655.636,0.002287,-0.048141,0.013008,
1654717655.640,0.049972,-0.046716,-0.008383,
1654717655.644,-0.096785,0.001234,0.029788,
1654717655.648,-0.193391,-0.064455,0.057861,
1654717655.652,-0.098597,-0.046760,0.045227,
1654717655.656,0.032265,-0.031815,0.059162,
1654717655.660,0.109207,-0.060758,-0.022633,
1654717655.664,0.040661,-0.035619,-0.006881,
1654717655.668,0.032777,-0.052326,-0.017904,
1654717655.672,0.009992,-0.035658,-0.151283,
1654717655.676,-0.061194,0.090126,-0.144440,
1654717655.680,0.055165,0.169350,-0.095278,
1654717655.684,0.075503,0.082985,-0.050829,
1654717655.688,0.011609,-0.035760,0.033131,
1654717655.692,0.093127,-0.099195,0.088060,
1654717655.696,0.115828,-0.101721,0.069743,
1654717655.700,0.070783,-0.022350,0.051290,
1654717655.704,0.059560,-0.018959,-0.000430,
1654717655.708,0.064590,-0.115995,-0.092397,
1654717655.712,0.085747,-0.156608,-0.113467,
1654717655.716,0.063422,-0.099686,-0.093187,
1654717655.720,0.009900,0.013591,-0.052113,
1654717655.724,0.001811,0.069631,0.005121,
1654717655.728,0.022215,0.013497,-0.002739,
1654717655.732,0.037996,-0.008631,-0.092232,
1654717655.736,0.048639,0.050555,-0.082076,
1654717655.740,0.048983,0.057646,-0.024183,
1654717655.744,0.057672,0.016219,0.006806,
1654717655.748,0.043653,-0.027346,0.023296,
1654717655.752,0.008585,-0.058587,0.018931,
1654717655.756,-0.025750,0.018382,0.052945,
1654717655.760,-0.073171,0.089102,-0.003748,
1654717655.764,-0.038470,0.004964,0.018981,
1654717655.768,0.036163,-0.024396,0.063334,
1654717655.772,0.038355,0.066184,0.017915,
1654717655.776,0.023250,0.072952,0.009567,
1654717655.780,0.035082,0.013397,-0.074461,
1654717655.784,0.051639,0.032740,-0.044395,
1654717655.788,0.041220,0.072182,-0.013196,
1654717655.792,-0.012293,0.070234,-0.063458,
1654717655.796,-0.070724,0.048450,-0.044635,
1654717655.800,-0.039843,-0.017095,-0.042370,
1654717655.804,0.024260,-0.010841,0.012037,
1654717655.808,0.021842,0.014471,-0.036719,
1654717655.812,0.002880,-0.033482,-0.091054,
1654717655.816,-0.003614,-0.057393,0.010332,
1654717655.820,0.047071,-0.063263,0.022780,
1654717655.824,0.058665,-0.010460,-0.013299,
1654717655.828,-0.071666,0.023575,-0.034643,
1654717655.832,-0.090269,0.086837,-0.040148,
1654717655.836,0.014625,0.200260,0.013439,
1654717655.840,0.020687,0.159699,0.035939,
1654717655.844,-0.038110,0.134436,-0.022119,
1654717655.848,-0.081711,0.132593,-0.079603,
1654717655.852,-0.068671,0.038046,-0.068890,
1654717655.856,-0.055216,-0.039921,-0.036897,
1654717655.860,-0.093601,-0.061625,0.031377,
1654717655.864,-0.026141,-0.043022,0.024271,
1654717655.868,0.198136,-0.104682,-0.045596,
1654717655.872,0.249014,-0.149648,0.016862,
1654717655.876,0.109808,-0.025372,-0.000974,
1654717655.880,0.086621,0.109283,-0.004828,
1654717655.884,0.068174,0.074540,0.076954,
1654717655.888,0.045785,-0.019788,0.056489,
1654717655.892,0.039558,0.069767,0.079589,
1654717655.896,-0.038769,0.169835,0.046696,
1654717655.900,-0.025858,0.141595,0.001735,
1654717655.904,-0.013028,0.096062,0.018543,
1654717655.908,-0.039982,0.050143,-0.042130,
1654717655.912,0.000662,0.060271,-0.091849,
1654717655.916,-0.031510,0.013652,-0.079761,
1654717655.920,-0.109657,-0.064959,-0.041838,
1654717655.924,-0.107069,-0.019736,0.004092,
1654717655.928,-0.041000,0.016815,-0.009175,
1654717655.932,0.009018,0.038980,-0.015377,
1654717655.936,0.005965,0.111386,0.074817,
1654717655.940,0.039776,0.115190,0.072335,
1654717655.944,0.095277,0.081140,0.054822,
1654717655.948,0.041908,0.071124,0.040547,
1654717655.952,-0.044904,0.005571,-0.012813,
1654717655.956,-0.087216,-0.025411,0.024913,
1654717655.960,-0.144636,0.022031,-0.014171,
1654717655.964,-0.123868,0.046827,-0.015466,
1654717655.968,-0.103191,0.026124,-0.017939,
1654717655.972,-0.180146,-0.003758,-0.083138,
1654717655.976,-0.119602,-0.029113,0.033297,
1654717655.980,0.021120,-0.052423,0.062375,
1654717655.984,0.069368,-0.041817,0.036375,
1654717655.988,0.067118,-0.024227,0.080593,
1654717655.992,0.016650,0.018004,-0.007883,
1654717655.996,-0.026186,0.033840,-0.069155,
1654717656.000,0.064149,-0.076865,-0.074868,
1654717656.004,0.102919,-0.115937,-0.073927,
1654717656.008,0.091447,-0.100797,0.022406,
1654717656.012,-0.038932,-0.070391,0.099426,
1654717656.016,-0.073215,0.079869,0.012597,
1654717656.020,-0.024314,0.067924,0.008939,
1654717656.024,-0.003921,0.099874,-0.064803,
1654717656.028,0.053325,0.038166,-0.084549,
1654717656.032,0.093384,0.043619,-0.005627,
1654717656.036,0.052023,0.012286,-0.037922,
1654717656.040,0.064149,-0.076865,-0.074868,
1654717656.044,0.102919,-0.115937,-0.073927,
1654717656.048,0.091447,-0.100797,0.022406,
1654717656.052,-0.038932,-0.070391,0.099426,
1654717656.056,-0.136330,-0.087526,-0.019573,
1654717656.060,-0.074919,-0.008746,-0.023501,
1654717656.064,0.006553,0.075039,0.035281,
1654717656.068,0.034719,0.023407,0.005825,
1654717656.072,0.046069,0.004534,0.009686,
1654717656.076,0.085209,-0.000482,-0.016685,
1654717656.080,0.100026,-0.002306,-0.027786,
1654717656.084,0.084529,0.107724,-0.028458,
1654717656.088,0.033567,0.163674,-0.021592,
1654717656.092,-0.052814,0.120758,0.013318,
1654717656.096,-0.055689,0.094096,0.046746,
1654717656.100,-0.036640,-0.004454,0.077018,
1654717656.104,-0.012521,-0.069789,0.065224,
1654717656.108,0.057827,-0.013858,0.049760,
1654717656.112,0.001714,0.011638,-0.016665,
1654717656.116,-0.077195,0.043149,-0.082339,
1654717656.120,-0.001789,0.086629,-0.119479,
1654717656.124,0.047560,0.079851,-0.089344,
1654717656.128,0.016243,0.083069,0.011878,
1654717656.132,-0.038900,0.046139,-0.002755,
1654717656.136,-0.132741,0.033079,0.037667,
1654717656.140,-0.153980,0.128684,0.065752,
1654717656.144,-0.069892,0.156711,0.007928,
1654717656.148,-0.025275,0.127799,0.015440,
1654717656.152,-0.039711,0.068717,-0.013630,
1654717656.156,-0.017186,-0.042681,0.021216,
1654717656.160,0.050419,-0.103968,0.039138,
1654717656.164,0.127012,-0.128777,0.028690,
1654717656.168,0.106093,-0.070913,0.092179,
1654717656.172,0.030356,0.042472,0.043145,
1654717656.176,0.044034,0.078890,-0.042032,
1654717656.180,0.002121,0.045491,-0.034093,
1654717656.184,-0.034114,-0.014569,0.012433,
1654717656.188,0.060006,-0.040284,-0.012438,
1654717656.192,0.079444,-0.071034,-0.040208,
1654717656.196,0.044963,-0.103089,0.014175,
1654717656.200,0.052590,-0.060976,0.039811,
1654717656.204,0.067814,-0.077755,0.071661,
1654717656.208,0.045071,-0.120513,0.067738,
1654717656.212,0.011596,-0.083003,0.010633,
1654717656.216,0.065254,-0.101135,-0.020263,
1654717656.220,0.100780,-0.117294,-0.053147,
1654717656.224,0.078596,-0.026160,-0.032990,
1654717656.228,0.059888,0.029621,0.017497,
1654717656.232,0.077963,-0.050097,0.087055,
1654717656.236,0.091851,-0.152239,0.133789,
1654717656.240,-0.033639,-0.143865,0.047609,
1654717656.244,-0.091070,-0.075526,-0.054711,
1654717656.248,0.010982,-0.037367,-0.094262,
1654717656.252,0.015326,-0.046288,-0.049135,
1654717656.256,-0.002361,-0.004325,0.025020,
1654717656.260,0.030803,0.069158,0.032199,
1654717656.264,-0.042408,0.052340,0.040782,
1654717656.268,-0.106872,0.056772,0.015796,
1654717656.272,-0.035839,0.068300,0.037222,
1654717656.276,0.034798,0.072595,0.091304,
1654717656.280,0.021753,0.094579,0.043159,
1654717656.284,-0.027459,0.049531,0.021604,
1654717656.288,-0.032495,0.065480,-0.031495,
1654717656.292,0.035672,0.065430,-0.025325,
1654717656.296,0.056260,0.020622,0.082865,
1654717656.300,0.022068,0.071332,0.076869,
1654717656.304,0.047547,0.076336,0.056020,
1654717656.308,0.005831,0.032202,0.058343,
1654717656.312,-0.039213,0.008220,0.048155,
1654717656.316,0.023326,0.011538,0.035352,
1654717656.320,-0.014475,0.042414,0.028747,
1654717656.324,-0.086022,0.005290,0.039745,
1654717656.328,-0.078883,-0.108691,-0.006077,
1654717656.332,-0.097954,-0.189261,-0.069361,
1654717656.336,-0.141617,-0.149449,-0.036947,
1654717656.340,-0.088891,-0.068637,0.015063,
1654717656.344,0.038271,-0.016661,0.006921,
1654717656.348,0.057919,0.032806,-0.003328,
1654717656.352,-0.018202,-0.008253,-0.001054,
1654717656.356,-0.051357,-0.106467,0.015666,
1654717656.360,0.016618,-0.081811,0.008578,
1654717656.364,0.061104,-0.026141,0.016250,
1654717656.368,0.056851,-0.009392,0.051504,
1654717656.372,0.178809,0.024541,0.050529,
1654717656.376,0.225657,-0.052565,-0.012393,
1654717656.380,0.102720,-0.148771,-0.104343,
1654717656.384,0.100058,-0.109022,-0.081110,
1654717656.388,0.102321,-0.046485,0.046036,
1654717656.392,0.051773,-0.008066,0.114498,
1654717656.396,0.104586,-0.037480,0.023586,
1654717656.400,0.034470,-0.099957,-0.055309,
1654717656.404,-0.175499,-0.066098,-0.054250,
1654717656.408,-0.193981,0.012620,-0.050220,
1654717656.412,-0.074890,0.014394,0.040980,
1654717656.416,-0.062425,-0.058816,0.076616,
1654717656.420,-0.088332,-0.044256,0.019522,
1654717656.424,-0.118229,0.036153,-0.024551,
1654717656.428,-0.155006,-0.021544,-0.035789,
1654717656.432,-0.149220,-0.152455,0.044330,
1654717656.436,-0.074116,-0.149609,0.054616,
1654717656.440,0.062713,0.007340,0.037882,
1654717656.444,0.079982,0.114746,0.036407,
1654717656.448,0.082526,0.081901,-0.029504,
1654717656.452,0.084752,0.017710,0.044460,
1654717656.456,0.022383,-0.102136,0.081838,
1654717656.460,0.048980,-0.232597,0.060028,
1654717656.464,0.040955,-0.221710,0.093026,
1654717656.468,0.049072,-0.151425,0.032975,
1654717656.472,0.118800,-0.108646,0.010359,
1654717656.476,0.194030,-0.039864,-0.008474,
1654717656.480,0.208120,0.016776,-0.030853,
1654717656.484,0.067365,0.015463,-0.082318,
1654717656.488,-0.032508,0.016489,-0.165567,
1654717656.492,-0.118982,0.032504,-0.103713,
1654717656.496,-0.170753,0.054018,-0.037867,
1654717656.500,-0.098376,0.080313,-0.018642,
1654717656.504,-0.075751,0.075558,-0.010073,
1654717656.508,-0.085108,0.100370,-0.007954,
1654717656.512,-0.072320,0.139812,-0.012612,
1654717656.516,-0.018861,0.073485,-0.016402,
1654717656.520,0.057830,-0.031668,0.017469,
1654717656.524,0.053926,-0.079868,-0.001419,
1654717656.528,0.040700,-0.034542,0.013245,
1654717656.532,0.018041,0.013581,0.019677,
1654717656.536,-0.081973,-0.014984,-0.074046,
1654717656.540,-0.131245,0.004418,-0.090821,
1654717656.544,-0.120347,0.016214,-0.084309,
1654717656.548,-0.117879,0.034397,-0.088332,
1654717656.552,-0.068159,0.108490,-0.007598,
1654717656.556,0.006526,0.092825,-0.006237,
1654717656.560,0.004728,0.050668,-0.082275,
1654717656.564,-0.027575,0.004726,-0.052393,
1654717656.568,-0.012527,-0.035648,-0.028812,
1654717656.572,0.007038,0.027915,-0.010876,
1654717656.576,0.021089,0.089436,-0.006102,
1654717656.580,0.054559,0.072852,-0.085380,
1654717656.584,0.095870,0.091247,-0.068977,
1654717656.588,0.053296,0.165462,-0.049955,
1654717656.592,-0.042195,0.178194,-0.038664,
1654717656.596,-0.053996,0.144184,0.012871,
1654717656.600,-0.044731,0.129941,-0.009390,
1654717656.604,-0.030043,0.144107,-0.024304,
1654717656.608,0.042388,0.095461,-0.030880,
1654717656.612,0.080289,-0.010678,-0.052875,
1654717656.616,0.025274,0.013972,-0.058289,
1654717656.620,-0.034487,0.069184,0.013042,
1654717656.624,-0.053909,0.041283,0.075639,
1654717656.628,-0.051990,0.006616,0.050831,
1654717656.632,0.016647,-0.038942,0.028840,
1654717656.636,0.041889,-0.035204,0.021326,
1654717656.640,0.014704,0.020349,-0.011230,
1654717656.644,0.038718,-0.015567,-0.043374,
1654717656.648,-0.030111,-0.076119,-0.058451,
1654717656.652,-0.094677,-0.044634,-0.076877,
1654717656.656,-0.062347,-0.049848,0.031318,
1654717656.660,-0.039675,-0.053696,0.072821,
1654717656.664,0.051936,-0.013676,-0.057828,
1654717656.668,0.119025,-0.015194,-0.094477,
1654717656.672,0.089045,-0.031620,-0.036353,
1654717656.676,0.036733,-0.092887,-0.000997,
1654717656.680,-0.050900,-0.082223,-0.029389,
1654717656.684,-0.074728,-0.038480,-0.050813,
1654717656.688,-0.014818,-0.073882,-0.070941,
1654717656.692,-0.004719,-0.074751,-0.021083,
1654717656.696,-0.087221,-0.117281,0.054616,
1654717656.700,-0.140478,-0.125194,0.076554,
1654717656.704,-0.070882,-0.013826,0.155389,
1654717656.708,-0.090296,0.090370,0.132157,
1654717656.712,-0.170013,0.125646,0.004311,
1654717656.716,-0.059800,0.121632,-0.059501,
1654717656.720,-0.013020,0.143065,-0.062043,
1654717656.724,-0.063504,0.099478,-0.080428,
1654717656.728,0.046142,-0.007770,-0.090061,
1654717656.732,0.137082,-0.107738,0.002192,
1654717656.736,0.119561,-0.119476,0.012617,
1654717656.740,0.113993,-0.053384,-0.027095,
1654717656.744,0.066533,-0.024949,0.008094,
1654717656.748,-0.041405,0.032777,-0.002677,
1654717656.752,-0.043479,0.090473,-0.013607,
1654717656.756,0.031367,0.126557,-0.045057,
1654717656.760,0.006781,0.138497,-0.051743,
1654717656.764,0.005350,0.064824,-0.019188,
1654717656.768,0.052931,-0.044377,-0.028129,
1654717656.772,0.043228,-0.092603,0.016819,
1654717656.776,0.031427,-0.001923,0.009167,
1654717656.780,-0.035385,0.085994,-0.019571,
1654717656.784,-0.064870,0.048135,0.040158,
1654717656.788,0.025300,-0.003556,0.082548,
1654717656.792,0.112152,0.017400,0.111059,
1654717656.796,0.135129,0.073385,0.092535,
1654717656.800,0.041065,0.075653,0.022920,
1654717656.804,-0.051347,0.069625,-0.055992,
1654717656.808,-0.117698,0.090972,-0.095347,
1654717656.812,-0.160359,-0.003023,-0.067338,
1654717656.816,-0.089308,-0.083730,-0.056385,
1654717656.820,-0.028517,-0.017964,-0.021263,
1654717656.824,0.022937,0.014303,0.063909,
1654717656.828,0.058565,0.019312,0.104511,
1654717656.832,0.006159,0.023733,0.075305,
1654717656.836,-0.073764,0.012683,0.038238,
1654717656.840,-0.155991,-0.003120,0.046974,
1654717656.844,-0.154426,-0.092887,0.080470,
1654717656.848,-0.053429,-0.148498,0.026440,
1654717656.852,0.043449,-0.099589,-0.044327,
1654717656.856,0.101292,-0.055009,-0.019829,
1654717656.860,0.076934,-0.035986,-0.035513,
1654717656.864,0.026300,-0.027674,-0.076062,
1654717656.868,0.020301,-0.059960,-0.147104,
1654717656.872,-0.048131,-0.079293,-0.136661,
1654717656.876,-0.121833,-0.053022,-0.000659,
1654717656.880,-0.091587,-0.086100,0.001486,
1654717656.884,-0.002175,-0.111361,-0.042406,
1654717656.888,0.134651,-0.040924,-0.084908,
1654717656.892,0.166858,0.041908,-0.024556,
1654717656.896,0.051240,0.164595,0.089649,
1654717656.900,-0.074696,0.219238,-0.003259,
1654717656.904,-0.153762,0.128043,-0.033207,
1654717656.908,-0.148506,0.076086,0.001715,
1654717656.912,-0.151397,0.052789,-0.065016,
1654717656.916,-0.094310,-0.007567,-0.082079,
1654717656.920,0.066987,-0.049517,-0.075210,
1654717656.924,0.105545,-0.041003,-0.076574,
1654717656.928,0.010677,0.008446,-0.021583,
1654717656.932,-0.043862,0.057147,0.070880,
1654717656.936,0.023092,0.091980,0.164404,
1654717656.940,0.114507,0.098299,0.160846,
1654717656.944,0.163771,0.076112,0.030071,
1654717656.948,0.153469,0.037135,-0.036904,
1654717656.952,0.087543,0.005188,-0.003458,
1654717656.956,0.023221,0.008684,0.021840,
1654717656.960,-0.005743,0.010680,-0.021964,
1654717656.964,0.064721,0.041141,-0.040173,
1654717656.968,0.090331,0.116216,0.067540,
1654717656.972,0.024746,0.070397,-0.004159,
1654717656.976,0.012470,-0.043474,-0.151150,
1654717656.980,0.008758,0.029561,-0.063118,
1654717656.984,-0.025580,0.153976,-0.040696,
1654717656.988,-0.031187,0.154748,-0.056038,
1654717656.992,0.061644,0.131517,-0.016299,
1654717656.996,0.087908,0.085222,0.052395,
1654717657.000,0.061621,-0.048383,-0.055172,
1654717657.004,0.033751,0.032086,-0.016893,
1654717657.008,0.058352,0.051104,0.030507,
1654717657.012,0.035113,0.048261,0.041403,
1654717657.016,0.063942,0.036050,0.066286,
1654717657.020,0.073687,-0.031576,0.091795,
1654717657.024,0.070602,-0.004913,0.025221,
1654717657.028,0.047486,-0.012269,0.026943,
1654717657.032,0.053288,-0.038273,-0.009246,
1654717657.036,0.075937,-0.070354,-0.092938,
1654717657.040,0.061621,-0.048383,-0.055172,
1654717657.044,0.033751,0.032086,-0.016893,
1654717657.048,0.058352,0.051104,0.030507,
1654717657.052,0.035113,0.048261,0.041403,
1654717657.056,-0.072165,0.023263,0.068202,
1654717657.060,-0.156918,0.022945,0.020166,
1654717657.064,-0.150596,0.061702,-0.037956,
1654717657.068,-0.046267,0.033388,0.019011,
1654717657.072,0.012116,-0.046317,0.012040,
1654717657.076,-0.038223,-0.097132,0.051595,
1654717657.080,-0.016530,-0.105021,0.041298,
1654717657.084,0.103809,-0.158965,-0.055460,
1654717657.088,0.132428,-0.201970,-0.049142,
1654717657.092,0.076120,-0.117919,-0.030622,
1654717657.096,0.055927,-0.026525,0.009647,
1654717657.100,0.014691,0.019362,0.036019,
1654717657.104,-0.056965,0.098745,0.009124,
1654717657.108,-0.104669,0.146733,0.012576,
1654717657.112,-0.106662,0.091641,0.038225,
1654717657.116,-0.068327,0.013155,0.067448,
1654717657.120,-0.038365,-0.040210,-0.000608,
1654717657.124,0.041900,-0.069167,-0.027312,
1654717657.128,0.097614,-0.055193,0.063969,
1654717657.132,0.087126,-0.004666,0.053137,
1654717657.136,0.058116,0.073592,0.062359,
1654717657.140,-0.083205,0.108293,0.094154,
1654717657.144,-0.110298,0.018787,0.055009,
1654717657.148,0.000935,-0.091346,-0.006385,
1654717657.152,0.014523,-0.060766,-0.052622,
1654717657.156,0.020244,-0.023127,-0.001618,
1654717657.160,-0.029000,-0.085720,0.049616,
1654717657.164,-0.099340,-0.082110,0.074385,
1654717657.168,-0.054001,-0.068682,0.018746,
1654717657.172,-0.004737,-0.083822,-0.018235,
1654717657.176,-0.023243,-0.046427,0.062437,
1654717657.180,-0.076045,-0.051725,0.040314,
1654717657.184,-0.048448,-0.088300,-0.014632,
1654717657.188,0.042700,-0.104813,-0.004684,
1654717657.192,0.021706,-0.110285,0.007731,
1654717657.196,-0.025146,-0.084292,-0.004422,
1654717657.200,0.001570,-0.061861,-0.009701,
1654717657.204,0.013213,-0.110059,-0.036541,
1654717657.208,0.060802,-0.120678,-0.073311,
1654717657.212,0.107797,-0.005570,-0.052044,
1654717657.216,0.028513,0.065422,-0.106389,
1654717657.220,-0.077810,0.028172,-0.142789,
1654717657.224,-0.067718,0.007107,-0.080757,
1654717657.228,-0.029239,0.093245,-0.067605,
1654717657.232,-0.047842,0.128101,-0.062885,
1654717657.236,-0.012637,0.037266,-0.017738,
1654717657.240,-0.024750,-0.007494,0.063204,
1654717657.244,-0.051704,-0.036236,0.141301,
1654717657.248,0.029246,-0.050509,0.129013,
1654717657.252,-0.030707,-0.052208,0.047940,
1654717657.256,-0.136929,-0.060884,0.015538,
1654717657.260,-0.083383,0.035108,0.039878,
1654717657.264,-0.006843,0.137465,0.003724,
1654717657.268,0.023475,0.106140,-0.012710,
1654717657.272,-0.004525,-0.026966,0.041138,
1654717657.276,-0.020166,-0.119953,0.049810,
1654717657.280,-0.025950,-0.118630,0.044741,
1654717657.284,-0.089975,-0.126338,0.040211,
1654717657.288,-0.064342,-0.114795,0.005704,
1654717657.292,-0.003527,0.018409,-0.032967,
1654717657.296,-0.075594,0.161870,0.011184,
1654717657.300,-0.144597,0.127650,0.086598,
1654717657.304,-0.142814,0.042808,0.078488,
1654717657.308,-0.114180,-0.002663,0.072163,
1654717657.312,-0.033248,-0.130108,0.048600,
1654717657.316,0.047250,-0.164982,0.040083,
1654717657.320,0.101777,-0.017076,0.046746,
1654717657.324,0.151009,0.099288,-0.084227,
1654717657.328,0.156546,0.069316,-0.096269,
1654717657.332,0.132987,-0.083667,0.034471,
1654717657.336,0.086745,-0.222741,0.019963,
1654717657.340,0.001000,-0.202592,-0.014982,
1654717657.344,-0.052623,-0.049874,-0.041653,
1654717657.348,-0.061882,0.039834,-0.001746,
1654717657.352,-0.065290,0.032756,0.038617,
1654717657.356,-0.039207,-0.031337,-0.006933,
1654717657.360,-0.022256,-0.127404,0.040334,
1654717657.364,-0.023004,-0.089017,-0.039418,
1654717657.368,-0.009893,0.009044,-0.135448,
1654717657.372,-0.013960,0.037673,-0.135135,
1654717657.376,-0.036186,0.043884,-0.118808,
1654717657.380,-0.050701,0.070660,-0.005148,
1654717657.384,-0.015165,0.115119,0.039770,
1654717657.388,0.031590,0.088052,0.049757,
1654717657.392,0.006450,0.018724,0.020655,
1654717657.396,-0.042161,-0.005325,0.000824,
1654717657.400,-0.015769,0.044454,0.012124,
1654717657.404,0.039353,0.074427,-0.040258,
1654717657.408,0.032409,0.000071,-0.098317,
1654717657.412,-0.012453,-0.031014,-0.080871,
1654717657.416,-0.030589,-0.051769,0.051678,
1654717657.420,-0.016814,-0.092971,0.128152,
1654717657.424,-0.045758,-0.031581,0.085454,
1654717657.428,-0.076786,0.004718,-0.059472,
1654717657.432,-0.048984,0.002762,-0.083898,
1654717657.436,0.008128,0.008971,-0.005225,
1654717657.440,0.034832,-0.021061,-0.031947,
1654717657.444,-0.051066,-0.047713,0.029975,
1654717657.448,-0.126939,-0.106520,-0.012119,
1654717657.452,-0.090448,-0.149790,-0.138672,
1654717657.456,-0.011482,-0.077345,-0.131955,
1654717657.460,0.078003,0.065869,-0.108348,
1654717657.464,0.144798,0.114977,-0.001663,
1654717657.468,0.152183,0.039077,0.084562,
1654717657.472,0.061739,-0.043854,0.070223,
1654717657.476,0.036376,-0.105554,0.028884,
1654717657.480,0.108062,-0.093464,0.039295,
1654717657.484,0.090247,-0.050102,0.065423,
1654717657.488,0.109698,-0.055062,0.019780,
1654717657.492,0.080035,-0.035238,0.026865,
1654717657.496,-0.004317,0.054252,-0.021320,
1654717657.500,-0.011794,0.143202,-0.079880,
1654717657.504,-0.076956,0.130419,-0.027809,
1654717657.508,-0.046603,0.074246,-0.078624,
1654717657.512,-0.017139,0.064758,-0.157496,
1654717657.516,-0.014766,0.107269,-0.148776,
1654717657.520,0.066738,0.116017,-0.112462,
1654717657.524,0.024449,-0.004063,-0.035342,
1654717657.528,0.035145,-0.108082,-0.005182,
1654717657.532,0.065212,-0.047997,-0.063954,
1654717657.536,0.059148,0.078457,-0.053172,
1654717657.540,0.147006,0.098727,0.010446,
1654717657.544,0.101617,0.073550,0.017689,
1654717657.548,0.038765,0.076391,0.020508,
1654717657.552,0.073800,0.061277,-0.011701,
1654717657.556,0.037799,0.060395,-0.008424,
1654717657.560,0.034551,0.053443,0.044220,
1654717657.564,0.106931,0.045221,-0.029131,
1654717657.568,0.124195,-0.023810,-0.114819,
1654717657.572,0.084700,-0.059850,-0.070237,
1654717657.576,0.048397,0.055879,0.000692,
1654717657.580,0.003917,0.073923,-0.005650,
1654717657.584,0.005652,0.011454,-0.012472,
1654717657.588,0.074787,0.019632,-0.022907,
1654717657.592,0.091526,0.044974,-0.067023,
1654717657.596,0.012620,0.033100,-0.054702,
1654717657.600,-0.081469,-0.047509,-0.055528,
1654717657.604,-0.067172,-0.107103,-0.028602,
1654717657.608,-0.020691,-0.067085,0.008864,
1654717657.612,-0.026913,0.008301,-0.012653,
1654717657.616,-0.031521,0.017765,0.011229,
1654717657.620,-0.074444,-0.059299,0.012501,
1654717657.624,-0.010655,-0.139446,0.053876,
1654717657.628,0.136016,-0.090374,0.056288,
1654717657.632,0.151561,-0.033392,-0.048644,
1654717657.636,0.140970,-0.085063,-0.007054,
1654717657.640,0.087868,-0.071026,0.004909,
1654717657.644,-0.019221,-0.041922,-0.043183,
1654717657.648,-0.113970,-0.028192,-0.001054,
1654717657.652,-0.165857,0.020506,0.005336,
1654717657.656,-0.095016,0.029842,-0.043929,
1654717657.660,-0.052867,-0.004055,-0.097137,
1654717657.664,-0.054631,-0.027932,-0.040365,
1654717657.668,-0.017859,0.042446,0.003854,
1654717657.672,-0.042061,0.035825,0.001897,
1654717657.676,-0.066335,-0.040239,0.080787,
1654717657.680,0.004707,-0.015905,0.025968,
1654717657.684,0.037334,-0.021544,-0.074706,
1654717657.688,-0.006746,-0.027270,-0.041582,
1654717657.692,-0.023443,-0.079957,-0.017512,
1654717657.696,-0.052042,-0.170524,-0.003348,
1654717657.700,-0.017215,-0.091364,0.041711,
1654717657.704,0.015505,0.009522,0.087395,
1654717657.708,-0.065487,0.044585,0.017129,
1654717657.712,-0.060034,0.068633,-0.140506,
1654717657.716,-0.053368,0.047704,-0.144472,
1654717657.720,-0.073814,-0.025390,-0.094077,
1654717657.724,-0.003910,-0.102758,-0.088680,
1654717657.728,0.063375,-0.042345,-0.055866,
1654717657.732,0.088157,0.026439,-0.086433,
1654717657.736,0.059423,0.019170,-0.070619,
1654717657.740,0.037245,0.070324,-0.005159,
1654717657.744,0.011113,0.078483,-0.014566,
1654717657.748,-0.009486,0.088349,-0.011580,
1654717657.752,0.012273,0.100727,-0.026275,
1654717657.756,0.013457,0.049009,-0.002465,
1654717657.760,0.054874,0.007957,0.002210,
1654717657.764,0.086026,-0.105569,-0.054974,
1654717657.768,0.038962,-0.171060,0.002231,
1654717657.772,-0.006845,-0.128315,0.013060,
1654717657.776,-0.040924,-0.114540,-0.006522,
1654717657.780,-0.072399,-0.088925,0.080379,
1654717657.784,-0.082378,-0.024571,0.120676,
1654717657.788,-0.056440,0.063033,0.122345,
1654717657.792,-0.042037,0.090068,0.126997,
1654717657.796,-0.043195,0.013875,0.128257,
1654717657.800,0.044360,-0.040344,0.089635,
1654717657.804,0.152516,-0.054468,0.002683,
1654717657.808,0.135473,-0.067479,0.017620,
1654717657.812,0.085689,-0.025837,0.019456,
1654717657.816,0.088029,-0.009350,-0.061086,
1654717657.820,0.057896,-0.042489,-0.081898,
1654717657.824,0.007406,-0.008421,-0.069865,
1654717657.828,0.022092,-0.013228,-0.029017,
1654717657.832,0.056315,-0.114763,-0.037947,
1654717657.836,0.058565,-0.118118,-0.057099,
1654717657.840,0.044315,-0.038861,0.028906,
1654717657.844,-0.007452,0.018235,0.052655,
1654717657.848,0.039545,0.084842,0.023369,
1654717657.852,0.195290,0.096138,0.017652,
1654717657.856,0.170087,0.087561,0.005628,
1654717657.860,0.047891,0.004980,0.020374,
1654717657.864,-0.041827,-0.145230,-0.020900,
1654717657.868,-0.120518,-0.072388,-0.048010,
1654717657.872,-0.073381,0.063312,0.009467,
1654717657.876,-0.029302,0.092544,0.013860,
1654717657.880,-0.049036,0.081691,0.003569,
1654717657.884,-0.021369,-0.049349,0.009149,
1654717657.888,0.016715,-0.178329,0.018910,
1654717657.892,0.073196,-0.197678,0.008524,
1654717657.896,0.098120,-0.109355,-0.095029,
1654717657.900,0.052159,0.024016,-0.099454,
1654717657.904,0.063466,0.082768,0.008889,
1654717657.908,0.074028,0.166601,0.026778,
1654717657.912,-0.000301,0.193500,0.019876,
1654717657.916,-0.060168,0.031805,0.021604,
1654717657.920,-0.038336,-0.085378,0.031455,
1654717657.924,-0.034542,-0.042305,-0.032894,
1654717657.928,-0.117795,0.063159,-0.111903,
1654717657.932,-0.104299,0.096645,-0.064440,
1654717657.936,-0.036110,0.055638,-0.110601,
1654717657.940,-0.034713,0.052012,-0.111850,
1654717657.944,-0.022400,0.013037,-0.053044,
1654717657.948,-0.003509,-0.063512,-0.085599,
1654717657.952,0.014849,-0.127089,-0.019320,
1654717657.956,0.032002,-0.183735,-0.052076,
1654717657.960,0.077407,-0.116575,-0.076848,
1654717657.964,0.090672,-0.036482,-0.001720,
1654717657.968,0.113426,-0.060236,-0.033705,
1654717657.972,0.176611,0.012252,-0.020142,
1654717657.976,0.085367,0.135959,-0.047633,
1654717657.980,-0.000035,0.173852,-0.069922,
1654717657.984,0.053884,0.132488,-0.047663,
1654717657.988,0.116292,0.040894,-0.050231,
1654717657.992,0.106852,0.076947,0.003653,
1654717657.996,0.005818,0.171815,0.005962,